АБСОЛЮТИЗИРОВАТЬ	116390-V	ИСКАЗИТЬ, ПРЕДСТАВИТЬ В ЛОЖНОМ СВЕТЕ
АБСОЛЮТИЗИРОВАТЬ	117017-V	ОТКАЗАТЬСЯ, НЕ СОГЛАСИТЬСЯ
АБСОЛЮТИЗИРОВАТЬ	116115-V	ПРЕУВЕЛИЧИТЬ
АБСОЛЮТИЗИРОВАТЬ	139096-V	НЕВЕРНО ОЦЕНИТЬ
АБСОЛЮТИЗИРОВАТЬ	116112-V	УМАЛИТЬ, ПРЕУМЕНЬШИТЬ
АБСОЛЮТИЗИРОВАТЬ	116112-V	УМАЛИТЬ, ПРЕУМЕНЬШИТЬ
АБСОЛЮТИЗИРОВАТЬ	139096-V	НЕВЕРНО ОЦЕНИТЬ
АБСОЛЮТИЗИРОВАТЬ	116751-V	ПРИУКРАСИТЬ, ВЫГОДНО ПРЕДСТАВИТЬ
АБСОЛЮТИЗИРОВАТЬ	116390-V	ИСКАЗИТЬ, ПРЕДСТАВИТЬ В ЛОЖНОМ СВЕТЕ
АБСОЛЮТИЗИРОВАТЬ	106882-V	ПРОТИВОДЕЙСТВОВАТЬ
АКТИВИРОВАТЬ	144157-V	ОЧИСТКА ОТ ВРЕДНЫХ ВЕЩЕСТВ
АКТИВИРОВАТЬ	4661-V	ОЗДОРОВЛЕНИЕ ПРИРОДЫ
АКТИВИРОВАТЬ	6444-V	ЛИКВИДАЦИЯ ЧРЕЗВЫЧАЙНЫХ СИТУАЦИЙ
АКТИВИРОВАТЬ	121460-V	ОТКРЫТЬ ДОСТУП
АКТИВИРОВАТЬ	153231-V	СНЯТИЕ ЗАПРЕТА
АКТИВИРОВАТЬ	107440-V	ЗАПУСТИТЬ, ПРИВЕСТИ В ДЕЙСТВИЕ
АКТИВИРОВАТЬ	137289-V	ОСТАВИТЬ ЗАНЯТИЕ
АКТИВИРОВАТЬ	106531-V	ПРЕКРАТИТЬ, ПОЛОЖИТЬ КОНЕЦ
АКТИВИРОВАТЬ	107417-V	ОТДЕЛИТЬ ЧАСТЬ ОТ ЦЕЛОГО
АКТИВИРОВАТЬ	115394-V	ЗАКРЕПИТЬ (ПРИДЕЛАТЬ)
АМЕРИКАНИЗИРОВАТЬ	112075-V	СОСРЕДОТОЧИТЬ В ОДНОМ МЕСТЕ
АМЕРИКАНИЗИРОВАТЬ	116640-V	ПЕРЕСЕЛЕНИЕ НА ДРУГОЕ МЕСТО ЖИТЕЛЬСТВА
АМЕРИКАНИЗИРОВАТЬ	106501-V	ЗАНЯТИЕ, ДЕЯТЕЛЬНОСТЬ
АМЕРИКАНИЗИРОВАТЬ	7237-V	УПРАВЛЕНЧЕСКАЯ ДЕЯТЕЛЬНОСТЬ
АМЕРИКАНИЗИРОВАТЬ	124516-V	СЛОЖИТЬ (ПЕРЕГНУТЬ)
АМЕРИКАНИЗИРОВАТЬ	923-V	МЕХАНИЗАЦИЯ
АМЕРИКАНИЗИРОВАТЬ	106494-V	ВЫПОЛНИТЬ, ИСПОЛНИТЬ, ОСУЩЕСТВИТЬ
АМЕРИКАНИЗИРОВАТЬ	145128-V	ПЕРЕСМОТР СУДЕБНЫХ РЕШЕНИЙ
АМЕРИКАНИЗИРОВАТЬ	116636-V	ОСВОБОДИТЬСЯ, ПОЛУЧИТЬ СВОБОДУ
АМЕРИКАНИЗИРОВАТЬ	111435-V	НАСЫТИТЬ (НАПОЛНИТЬ В БОЛЬШОМ КОЛИЧЕСТВЕ)
АНОДИРОВАТЬ	111435-V	НАСЫТИТЬ (НАПОЛНИТЬ В БОЛЬШОМ КОЛИЧЕСТВЕ)
АНОДИРОВАТЬ	124516-V	СЛОЖИТЬ (ПЕРЕГНУТЬ)
АНОДИРОВАТЬ	107325-V	ПОКРЫТЬ ПОВЕРХНОСТЬ
АНОДИРОВАТЬ	107325-V	ПОКРЫТЬ ПОВЕРХНОСТЬ
АНОДИРОВАТЬ	106494-V	ВЫПОЛНИТЬ, ИСПОЛНИТЬ, ОСУЩЕСТВИТЬ
АНОДИРОВАТЬ	145128-V	ПЕРЕСМОТР СУДЕБНЫХ РЕШЕНИЙ
АНОДИРОВАТЬ	107325-V	ПОКРЫТЬ ПОВЕРХНОСТЬ
АНОДИРОВАТЬ	106501-V	ЗАНЯТИЕ, ДЕЯТЕЛЬНОСТЬ
АНОДИРОВАТЬ	7237-V	УПРАВЛЕНЧЕСКАЯ ДЕЯТЕЛЬНОСТЬ
АНОДИРОВАТЬ	107417-V	ОТДЕЛИТЬ ЧАСТЬ ОТ ЦЕЛОГО
БИНТОВАТЬ	111427-V	НАЛОЖИТЬ СВЕРХУ
БИНТОВАТЬ	111467-V	ВЯЗАНИЕ (РУКОДЕЛИЕ)
БИНТОВАТЬ	120969-V	ПЕРЕДЕЛАТЬ, СДЕЛАТЬ ЗАНОВО
БИНТОВАТЬ	116334-V	ОБВЯЗАТЬ (ОБМОТАТЬ И ЗАВЯЗАТЬ)
БИНТОВАТЬ	112000-V	МОТАТЬ, НАКРУЧИВАТЬ
БИНТОВАТЬ	118570-V	ПРИЧИНИТЬ БОЛЬ
БИНТОВАТЬ	108856-V	ОДЕТЬ, ПОКРЫТЬ ОДЕЖДОЙ, ПОКРЫВАЛОМ
БИНТОВАТЬ	111386-V	УБИТЬ, ЛИШИТЬ ЖИЗНИ
БИНТОВАТЬ	106472-V	ПОМОЩЬ, ПОДДЕРЖКА
БИНТОВАТЬ	106529-V	ОБСЛУЖИТЬ (УДОВЛЕТВОРИТЬ НУЖДЫ)
БОДРИТЬСЯ	107253-V	ВООДУШЕВЛЕНИЕ, ПОДЪЕМ ДУХА
БОДРИТЬСЯ	125736-V	ОЖИВИТЬСЯ (СТАТЬ ОЖИВЛЕННЫМ)
БОДРИТЬСЯ	115900-V	ПРИТВОРИТЬСЯ, ПРИКИНУТЬСЯ
БОДРИТЬСЯ	128299-V	ПРИЙТИ В ЧУВСТВО
БОДРИТЬСЯ	118574-V	ВНУШИТЬ МЫСЛЬ, ЧУВСТВО
БОДРИТЬСЯ	114073-V	БЕЗДЕЛЬНИЧАТЬ
БОДРИТЬСЯ	116921-V	ПЕРЕЖИТЬ, ИСПЫТАТЬ
БОДРИТЬСЯ	129356-V	УМНЕТЬ, СТАНОВИТЬСЯ УМНЕЕ
БОДРИТЬСЯ	106484-V	КОНЧИТЬСЯ, ПРЕКРАТИТЬСЯ
БОДРИТЬСЯ	115825-V	ДЫХАНИЕ, ДЫХАТЕЛЬНЫЙ ПРОЦЕСС
БУРЕТЬ	110416-V	ИЗМЕНЯТЬСЯ В ЦВЕТЕ
БУРЕТЬ	125595-V	ТЕМНЕТЬ (ПОГРУЖАТЬСЯ ВО ТЬМУ)
БУРЕТЬ	110416-V	ИЗМЕНЯТЬСЯ В ЦВЕТЕ
БУРЕТЬ	111001-V	ВИДНЕТЬСЯ
БУРЕТЬ	110483-V	ЗЕЛЕНЕТЬ, СТАНОВИТЬСЯ ЗЕЛЕНЫМ
БУРЕТЬ	113780-V	ПОКРЫТЬСЯ НА ПОВЕРХНОСТИ
БУРЕТЬ	111001-V	ВИДНЕТЬСЯ
БУРЕТЬ	111001-V	ВИДНЕТЬСЯ
БУРЕТЬ	119625-V	СЛАБЕТЬ, ТЕРЯТЬ СИЛУ
БУРЕТЬ	110416-V	ИЗМЕНЯТЬСЯ В ЦВЕТЕ
ВБУХИВАТЬ	110720-V	НАЛИТЬ, ВЛИТЬ ВНУТРЬ
ВБУХИВАТЬ	116654-V	ВСЫПАТЬ ВНУТРЬ
ВБУХИВАТЬ	150883-V	ВЛОЖЕНИЕ ФИНАНСОВЫХ СРЕДСТВ
ВБУХИВАТЬ	106698-V	ПОМЕСТИТЬ, НАЙТИ МЕСТО
ВБУХИВАТЬ	106715-V	ИСТРАТИТЬ, ИЗРАСХОДОВАТЬ
ВБУХИВАТЬ	154007-V	ОТНОШЕНИЕ К ДЕНЬГАМ
ВБУХИВАТЬ	106497-V	ИСПОЛЬЗОВАТЬ, УПОТРЕБЛЯТЬ
ВБУХИВАТЬ	115361-V	ВЛОЖЕНИЕ ДЕНЕЖНЫХ СРЕДСТВ
ВБУХИВАТЬ	1263-V	ФИНАНСИРОВАНИЕ
ВБУХИВАТЬ	110751-V	НАПОЛНИТЬ
ВЕРЕЩАТЬ	107104-V	КРИЧАТЬ, ИЗДАВАТЬ КРИК
ВЕРЕЩАТЬ	107093-V	ИЗДАТЬ ЗВУК
ВЕРЕЩАТЬ	107252-V	ВЫТЬ
ВЕРЕЩАТЬ	107366-V	ВИЗЖАТЬ
ВЕРЕЩАТЬ	107093-V	ИЗДАТЬ ЗВУК
ВЕРЕЩАТЬ	107094-V	ПРОИЗНЕСТИ, ВЫГОВОРИТЬ, ПРОГОВОРИТЬ
ВЕРЕЩАТЬ	107094-V	ПРОИЗНЕСТИ, ВЫГОВОРИТЬ, ПРОГОВОРИТЬ
ВЕРЕЩАТЬ	107093-V	ИЗДАТЬ ЗВУК
ВЕРЕЩАТЬ	107094-V	ПРОИЗНЕСТИ, ВЫГОВОРИТЬ, ПРОГОВОРИТЬ
ВЕРЕЩАТЬ	118140-V	БОЛТАТЬ, ЧЕСАТЬ ЯЗЫКОМ
ВЗЪЕРОШИТЬ	111370-V	ПОВРЕДИТЬ
ВЗЪЕРОШИТЬ	118191-V	РАЗРОВНЯТЬ
ВЗЪЕРОШИТЬ	106501-V	ЗАНЯТИЕ, ДЕЯТЕЛЬНОСТЬ
ВЗЪЕРОШИТЬ	106558-V	ПРИДАВАТЬ ФОРМУ, ФОРМИРОВАТЬ
ВЗЪЕРОШИТЬ	7064-V	ПРЕДОСТАВЛЕНИЕ УСЛУГ
ВЗЪЕРОШИТЬ	106493-V	СОЗДАТЬ (СДЕЛАТЬ СУЩЕСТВУЮЩИМ)
ВЗЪЕРОШИТЬ	122091-V	ИЗГОТОВЛЕНИЕ ПРИЧЕСКИ
ВЗЪЕРОШИТЬ	112750-V	СКРЕСТИ, ТЕРЕТЬ ЖЕСТКИМ
ВЗЪЕРОШИТЬ	116007-V	СТРЯСТИ
ВЗЪЕРОШИТЬ	108870-V	УДАЛИТЬ, ОТДАЛИТЬ НА РАССТОЯНИЕ
ВКРУТИТЬ	110910-V	ВЫНУТЬ
ВКРУТИТЬ	137195-V	ОТКРУТИТЬ (КРУТЯ, ОТДЕЛИТЬ)
ВКРУТИТЬ	116164-V	ОТЖАТЬ, ВЫЖАТЬ
ВКРУТИТЬ	110807-V	ПРИВИНТИТЬ
ВКРУТИТЬ	111048-V	ВИНТИТЬ, ПОВОРАЧИВАТЬ ВИНТ
ВКРУТИТЬ	107417-V	ОТДЕЛИТЬ ЧАСТЬ ОТ ЦЕЛОГО
ВКРУТИТЬ	115727-V	КРУТИТЬ (ВЕРТЕТЬ КРУГООБРАЗНО)
ВКРУТИТЬ	110790-V	ПРИКРЕПИТЬ, ПРИДЕЛАТЬ
ВКРУТИТЬ	117196-V	ЗАГНУТЬ (СОГНУТЬ)
ВКРУТИТЬ	125781-V	ВЫВИХНУТЬ, СДЕЛАТЬ ВЫВИХ
ВПАЯТЬ	116488-V	ВЗЫСКАНИЕ ДЕНЕЖНЫХ СРЕДСТВ
ВПАЯТЬ	149104-V	НАЛОЖИТЬ ВЗЫСКАНИЕ
ВПАЯТЬ	113612-V	ВДЕЛАТЬ
ВПАЯТЬ	106557-V	СОЕДИНИТЬ В ОДНО ЦЕЛОЕ
ВПАЯТЬ	109175-V	ПАЯЛЬНЫЕ РАБОТЫ
ВПАЯТЬ	140675-V	ОТОСЛАТЬ (УДАЛИТЬ)
ВПАЯТЬ	111189-V	ВВЕСТИ ВНУТРЬ
ВПАЯТЬ	111189-V	ВВЕСТИ ВНУТРЬ
ВПАЯТЬ	111191-V	ВСТАВИТЬ ВНУТРЬ
ВПАЯТЬ	547-V	МОНТАЖНЫЕ РАБОТЫ
ВПРАВИТЬ	111370-V	ПОВРЕДИТЬ
ВПРАВИТЬ	115840-V	ОТКЛОНИТЬ, СМЕСТИТЬ В СТОРОНУ
ВПРАВИТЬ	111369-V	ПОРТИТЬ, ДЕЛАТЬ ПЛОХИМ
ВПРАВИТЬ	113826-V	РАСПРАВИТЬ (ВЫПРЯМИТЬ, СДЕЛАТЬ РОВНЫМ)
ВПРАВИТЬ	130464-V	ВЫПУСТИТЬ (ВЫСТАВИТЬ, ВЫСВОБОДИВ)
ВПРАВИТЬ	113825-V	ВЫПРЯМИТЬ, РАСПРЯМИТЬ
ВПРАВИТЬ	115912-V	ПЕРЕУБЕДИТЬ
ВПРАВИТЬ	123744-V	ПРОПАГАНДА ИДЕЙ, ЗНАНИЙ
ВПРАВИТЬ	106632-V	УЛУЧШИТЬ
ВПРАВИТЬ	110910-V	ВЫНУТЬ
ВРЫТЬ	111085-V	ОПУСТИТЬСЯ ВНИЗ
ВРЫТЬ	111050-V	ГНУТЬ, ИЗОГНУТЬ
ВРЫТЬ	116661-V	ВДАВИТЬ ВНУТРЬ
ВРЫТЬ	111791-V	КОПАТЬ ЯМУ
ВРЫТЬ	115182-V	РЫХЛЕНИЕ ПОЧВЫ
ВРЫТЬ	111983-V	ДОБАВИТЬ
ВРЫТЬ	132784-V	НАРЫТЬ (ИЗВЛЕЧЬ)
ВРЫТЬ	106501-V	ЗАНЯТИЕ, ДЕЯТЕЛЬНОСТЬ
ВРЫТЬ	111104-V	ОХЛАДИТЬ, УМЕНЬШИТЬ ТЕМПЕРАТУРУ
ВРЫТЬ	123846-V	СРАСТИТЬ ВМЕСТЕ
ВСКРУЖИТЬ	113119-V	ОБМАНУТЬ, ВВЕСТИ В ЗАБЛУЖДЕНИЕ
ВСКРУЖИТЬ	110482-V	ВОСХИТИТЬ, ВОСТОРГАТЬ
ВСКРУЖИТЬ	117105-V	УВЛЕЧЬ (ЗАИНТЕРЕСОВАТЬ)
ВСКРУЖИТЬ	117233-V	ОЧАРОВАТЬ
ВСКРУЖИТЬ	123937-V	ПОКОРИТЬ СЕРДЦА
ВСКРУЖИТЬ	106528-V	УДОВЛЕТВОРИТЬ ТРЕБОВАНИЯ, ЖЕЛАНИЯ
ВСКРУЖИТЬ	113119-V	ОБМАНУТЬ, ВВЕСТИ В ЗАБЛУЖДЕНИЕ
ВСКРУЖИТЬ	107454-V	ПОДНЯТЬСЯ (ПЕРЕМЕСТИТЬСЯ ВВЕРХ)
ВСКРУЖИТЬ	115958-V	БРЕСТИ С ТРУДОМ
ВСКРУЖИТЬ	118594-V	ПРИВЛЕЧЬ ИНТЕРЕС, ВНИМАНИЕ
ВСХЛИПЫВАТЬ	107093-V	ИЗДАТЬ ЗВУК
ВСХЛИПЫВАТЬ	107104-V	КРИЧАТЬ, ИЗДАВАТЬ КРИК
ВСХЛИПЫВАТЬ	107093-V	ИЗДАТЬ ЗВУК
ВСХЛИПЫВАТЬ	107093-V	ИЗДАТЬ ЗВУК
ВСХЛИПЫВАТЬ	107252-V	ВЫТЬ
ВСХЛИПЫВАТЬ	107366-V	ВИЗЖАТЬ
ВСХЛИПЫВАТЬ	107196-V	ПЛАКАТЬ, ПРОЛИВАТЬ СЛЕЗЫ
ВСХЛИПЫВАТЬ	107093-V	ИЗДАТЬ ЗВУК
ВСХЛИПЫВАТЬ	107094-V	ПРОИЗНЕСТИ, ВЫГОВОРИТЬ, ПРОГОВОРИТЬ
ВСХЛИПЫВАТЬ	107104-V	КРИЧАТЬ, ИЗДАВАТЬ КРИК
ВШИВАТЬ	106557-V	СОЕДИНИТЬ В ОДНО ЦЕЛОЕ
ВШИВАТЬ	113291-V	СШИВАТЬ
ВШИВАТЬ	107410-V	ДЕЛИТЬ, РАЗДЕЛЯТЬ НА ЧАСТИ
ВШИВАТЬ	107417-V	ОТДЕЛИТЬ ЧАСТЬ ОТ ЦЕЛОГО
ВШИВАТЬ	106557-V	СОЕДИНИТЬ В ОДНО ЦЕЛОЕ
ВШИВАТЬ	110790-V	ПРИКРЕПИТЬ, ПРИДЕЛАТЬ
ВШИВАТЬ	113291-V	СШИВАТЬ
ВШИВАТЬ	110801-V	ШИТЬЕ, ПОШИВ
ВШИВАТЬ	110795-V	ПРИШИТЬ (ПРИКРЕПИТЬ)
ВШИВАТЬ	113291-V	СШИВАТЬ
ВЫКЛЕВАТЬ	112339-V	ПРИДРАТЬСЯ
ВЫКЛЕВАТЬ	115102-V	МУЧИТЬ
ВЫКЛЕВАТЬ	106934-V	ЕСТЬ, ПРИНИМАТЬ ПИЩУ
ВЫКЛЕВАТЬ	107404-V	УДАРИТЬ, НАНЕСТИ УДАР
ВЫКЛЕВАТЬ	121390-V	ВЫЩИПАТЬ (ВЫРВАТЬ)
ВЫКЛЕВАТЬ	106934-V	ЕСТЬ, ПРИНИМАТЬ ПИЩУ
ВЫКЛЕВАТЬ	115010-V	РОДИТЬСЯ НА СВЕТ
ВЫКЛЕВАТЬ	118994-V	ТОЛСТЕТЬ, ПОЛНЕТЬ
ВЫКЛЕВАТЬ	115593-V	ХВАТАТЬ, СХВАТИТЬ
ВЫКЛЕВАТЬ	115593-V	ХВАТАТЬ, СХВАТИТЬ
ВЫПЛАКАТЬ	110719-V	ЛИТЬ ЖИДКОСТЬ
ВЫПЛАКАТЬ	120904-V	ВЫСТУПИТЬ НАРУЖУ
ВЫПЛАКАТЬ	107196-V	ПЛАКАТЬ, ПРОЛИВАТЬ СЛЕЗЫ
ВЫПЛАКАТЬ	116929-V	СТРАДАТЬ, ИСПЫТЫВАТЬ СТРАДАНИЯ
ВЫПЛАКАТЬ	107196-V	ПЛАКАТЬ, ПРОЛИВАТЬ СЛЕЗЫ
ВЫПЛАКАТЬ	117609-V	РАСТРОГАТЬСЯ, РАСЧУВСТВОВАТЬСЯ
ВЫПЛАКАТЬ	116921-V	ПЕРЕЖИТЬ, ИСПЫТАТЬ
ВЫПЛАКАТЬ	107196-V	ПЛАКАТЬ, ПРОЛИВАТЬ СЛЕЗЫ
ВЫПЛАКАТЬ	106456-V	ВЫРАЗИТЬ (ПОКАЗАТЬ)
ВЫПЛАКАТЬ	106876-V	ВЫСКАЗАТЬ
ВЫСПРАШИВАТЬ	106709-V	УЗНАТЬ, ПОЛУЧИТЬ СВЕДЕНИЯ
ВЫСПРАШИВАТЬ	120015-V	ВЫЗВАТЬ (ПОТРЕБОВАТЬ ЯВИТЬСЯ)
ВЫСПРАШИВАТЬ	107256-V	СПРОСИТЬ, ЗАДАТЬ ВОПРОС
ВЫСПРАШИВАТЬ	150471-V	ЗАКИДАТЬ (ОБРАТИТЬСЯ)
ВЫСПРАШИВАТЬ	117371-V	ЗАМЕТИТЬ, ОБНАРУЖИТЬ
ВЫСПРАШИВАТЬ	119076-V	ПОИСК
ВЫСПРАШИВАТЬ	128587-V	ЗНАТЬ, ОБЛАДАТЬ ПОЗНАНИЯМИ
ВЫСПРАШИВАТЬ	106781-V	РАЗГОВОР, БЕСЕДА
ВЫСПРАШИВАТЬ	107115-V	ШЕПТАТЬ
ВЫСПРАШИВАТЬ	106701-V	ДОСТИЧЬ, ДОБИТЬСЯ
ВЫТАПТЫВАТЬ	106483-V	УНИЧТОЖИТЬ, ПРЕКРАТИТЬ СУЩЕСТВОВАНИЕ
ВЫТАПТЫВАТЬ	111192-V	ДАВИТЬ, ЖАТЬ
ВЫТАПТЫВАТЬ	107013-V	ГРЯЗНИТЬ, ПАЧКАТЬ
ВЫТАПТЫВАТЬ	111881-V	НАНЕСЕНИЕ НА ПОВЕРХНОСТЬ
ВЫТАПТЫВАТЬ	116661-V	ВДАВИТЬ ВНУТРЬ
ВЫТАПТЫВАТЬ	114441-V	ОЧИСТИТЬ ОТ ПРИСУТСТВИЯ
ВЫТАПТЫВАТЬ	145014-V	УНИЧТОЖЕНИЕ СОРНЯКОВ
ВЫТАПТЫВАТЬ	115776-V	ВЫРЫТЬ, ОТРЫТЬ
ВЫТАПТЫВАТЬ	137227-V	ВЫРВАТЬ С КОРНЯМИ
ВЫТАПТЫВАТЬ	112737-V	ЗАНЯТЬ ВСЕ ПРОСТРАНСТВО
ВЫЧЕРПЫВАТЬ	110916-V	ИЗВЛЕЧЬ, ДОСТАТЬ
ВЫЧЕРПЫВАТЬ	110908-V	УДАЛИТЬ НАРУЖУ
ВЫЧЕРПЫВАТЬ	118813-V	ГРЕСТИ ГРАБЛЯМИ, ЛОПАТОЙ
ВЫЧЕРПЫВАТЬ	106932-V	ПИТЬ, ГЛОТАТЬ ЖИДКОСТЬ
ВЫЧЕРПЫВАТЬ	106933-V	ГЛОТАТЬ ВНУТРЬ СЕБЯ
ВЫЧЕРПЫВАТЬ	107308-V	ПЛЕСК ВОЛН
ВЫЧЕРПЫВАТЬ	110721-V	НАЛИТЬ, РАЗЛИТЬ ПО ПОВЕРХНОСТИ
ВЫЧЕРПЫВАТЬ	119826-V	ВЫТЯНУТЬ (УДАЛИТЬ)
ВЫЧЕРПЫВАТЬ	117988-V	РАЗГЛАШЕНИЕ СВЕДЕНИЙ
ВЫЧЕРПЫВАТЬ	128286-V	ПРИВЕСТИ В ЧУВСТВО
ВЯЛИТЬ	111554-V	ЗАПАСТИ, ЗАГОТОВИТЬ
ВЯЛИТЬ	5731-V	КОНСЕРВИРОВАНИЕ ПИЩЕВЫХ ПРОДУКТОВ
ВЯЛИТЬ	110908-V	УДАЛИТЬ НАРУЖУ
ВЯЛИТЬ	111554-V	ЗАПАСТИ, ЗАГОТОВИТЬ
ВЯЛИТЬ	106533-V	ПРИОСТАНОВИТЬ
ВЯЛИТЬ	109109-V	ПРИГОТОВЛЕНИЕ ПИЩИ
ВЯЛИТЬ	111436-V	ПРОПИТАТЬ (НАСЫТИТЬ)
ВЯЛИТЬ	5731-V	КОНСЕРВИРОВАНИЕ ПИЩЕВЫХ ПРОДУКТОВ
ВЯЛИТЬ	111479-V	СУШИТЬ (УДАЛЯТЬ ВЛАГУ)
ВЯЛИТЬ	109109-V	ПРИГОТОВЛЕНИЕ ПИЩИ
ГАТИТЬ	106501-V	ЗАНЯТИЕ, ДЕЯТЕЛЬНОСТЬ
ГАТИТЬ	112355-V	ЗАСЫПАТЬ ДОВЕРХУ
ГАТИТЬ	106814-V	ВЛАДЕТЬ ИМУЩЕСТВОМ
ГАТИТЬ	106950-V	ПРЕВРАТИТЬ (ПРИДАТЬ ИНОЙ ВИД, КАЧЕСТВО)
ГАТИТЬ	150138-V	ИЗВЛЕЧЬ ОБРАБОТКОЙ
ГАТИТЬ	106494-V	ВЫПОЛНИТЬ, ИСПОЛНИТЬ, ОСУЩЕСТВИТЬ
ГАТИТЬ	145128-V	ПЕРЕСМОТР СУДЕБНЫХ РЕШЕНИЙ
ГАТИТЬ	124516-V	СЛОЖИТЬ (ПЕРЕГНУТЬ)
ГАТИТЬ	111050-V	ГНУТЬ, ИЗОГНУТЬ
ГАТИТЬ	116661-V	ВДАВИТЬ ВНУТРЬ
ГИПЕРТРОФИРОВАТЬ	115881-V	ПОДЧЕРКНУТЬ, СДЕЛАТЬ АКЦЕНТ
ГИПЕРТРОФИРОВАТЬ	116390-V	ИСКАЗИТЬ, ПРЕДСТАВИТЬ В ЛОЖНОМ СВЕТЕ
ГИПЕРТРОФИРОВАТЬ	125801-V	ВЫДВИНУТЬ ВПЕРЕД, НАРУЖУ
ГИПЕРТРОФИРОВАТЬ	116390-V	ИСКАЗИТЬ, ПРЕДСТАВИТЬ В ЛОЖНОМ СВЕТЕ
ГИПЕРТРОФИРОВАТЬ	111050-V	ГНУТЬ, ИЗОГНУТЬ
ГИПЕРТРОФИРОВАТЬ	116367-V	ДЕФОРМИРОВАТЬ
ГИПЕРТРОФИРОВАТЬ	106631-V	ИЗМЕНИТЬ, СДЕЛАТЬ ИНЫМ
ГИПЕРТРОФИРОВАТЬ	126522-V	ГРИМАСНИЧАТЬ, ДЕЛАТЬ ГРИМАСЫ
ГИПЕРТРОФИРОВАТЬ	116390-V	ИСКАЗИТЬ, ПРЕДСТАВИТЬ В ЛОЖНОМ СВЕТЕ
ГИПЕРТРОФИРОВАТЬ	110478-V	ОГОРЧИТЬ, РАССТРОИТЬ
ГРУБЕТЬ	106629-V	ИЗМЕНИТЬСЯ, ИЗМЕНЕНИЕ
ГРУБЕТЬ	110416-V	ИЗМЕНЯТЬСЯ В ЦВЕТЕ
ГРУБЕТЬ	106633-V	УХУДШЕНИЕ
ГРУБЕТЬ	130453-V	ГИБЕЛЬ (ПРЕКРАЩЕНИЕ СУЩЕСТВОВАНИЯ)
ГРУБЕТЬ	106637-V	УМЕНЬШИТЬСЯ
ГРУБЕТЬ	152477-V	СНИЖЕНИЕ МАССЫ
ГРУБЕТЬ	106639-V	УВЕЛИЧИТЬСЯ
ГРУБЕТЬ	120185-V	ЗУДЕТЬ (ИСПЫТЫВАТЬ ЗУД)
ГРУБЕТЬ	111001-V	ВИДНЕТЬСЯ
ГРУБЕТЬ	120653-V	СОЙТИ С ПОВЕРХНОСТИ
ДИРЕКТОРСТВОВАТЬ	106494-V	ВЫПОЛНИТЬ, ИСПОЛНИТЬ, ОСУЩЕСТВИТЬ
ДИРЕКТОРСТВОВАТЬ	145128-V	ПЕРЕСМОТР СУДЕБНЫХ РЕШЕНИЙ
ДИРЕКТОРСТВОВАТЬ	106496-V	УЧРЕДИТЬ, ОРГАНИЗОВАТЬ
ДИРЕКТОРСТВОВАТЬ	144027-V	СОВМЕСТНАЯ ДЕЯТЕЛЬНОСТЬ
ДИРЕКТОРСТВОВАТЬ	106501-V	ЗАНЯТИЕ, ДЕЯТЕЛЬНОСТЬ
ДИРЕКТОРСТВОВАТЬ	106476-V	СТРЕМЛЕНИЕ, ЖЕЛАНИЕ
ДИРЕКТОРСТВОВАТЬ	2678-V	РАССЛЕДОВАНИЕ ПРЕСТУПЛЕНИЙ
ДИРЕКТОРСТВОВАТЬ	106501-V	ЗАНЯТИЕ, ДЕЯТЕЛЬНОСТЬ
ДИРЕКТОРСТВОВАТЬ	106504-V	ПОСТУПОК ЧЕЛОВЕКА
ДИРЕКТОРСТВОВАТЬ	125890-V	ГЛУПИТЬ, ПОСТУПИТЬ ГЛУПО
ДОКИНУТЬ	108821-V	ПОДНЯТЬ, ПЕРЕМЕСТИТЬ ВВЕРХ
ДОКИНУТЬ	106938-V	ПЕРЕМЕСТИТЬ
ДОКИНУТЬ	111022-V	БРОСИТЬ (ПЕРЕМЕСТИТЬ)
ДОКИНУТЬ	115672-V	ДОСТАВИТЬ К МЕСТУ НАЗНАЧЕНИЯ
ДОКИНУТЬ	125768-V	ТАЩИТЬ ТЯЖЕЛОЕ
ДОКИНУТЬ	111022-V	БРОСИТЬ (ПЕРЕМЕСТИТЬ)
ДОКИНУТЬ	111022-V	БРОСИТЬ (ПЕРЕМЕСТИТЬ)
ДОКИНУТЬ	117685-V	ПРОМАХНУТЬСЯ, НЕ ПОПАСТЬ В ЦЕЛЬ
ДОКИНУТЬ	106501-V	ЗАНЯТИЕ, ДЕЯТЕЛЬНОСТЬ
ДОКИНУТЬ	115672-V	ДОСТАВИТЬ К МЕСТУ НАЗНАЧЕНИЯ
ДОРАБОТАТЬСЯ	124330-V	ОТКАЗ ТЕХНИКИ
ДОРАБОТАТЬСЯ	111979-V	ПОРТИТЬСЯ (УХУДШАТЬСЯ)
ДОРАБОТАТЬСЯ	111980-V	ГНИЕНИЕ
ДОРАБОТАТЬСЯ	111994-V	ДЕЛИТЬСЯ НА ЧАСТИ
ДОРАБОТАТЬСЯ	118380-V	РАЗРУШИТЬСЯ ФИЗИЧЕСКИ
ДОРАБОТАТЬСЯ	119903-V	ЛОМАТЬСЯ НА ЧАСТИ
ДОРАБОТАТЬСЯ	111688-V	РАЗЪЕДИНИТЬСЯ
ДОРАБОТАТЬСЯ	115548-V	ОТДЕЛИТЬСЯ ОТ ЦЕЛОГО
ДОРАБОТАТЬСЯ	111104-V	ОХЛАДИТЬ, УМЕНЬШИТЬ ТЕМПЕРАТУРУ
ДОРАБОТАТЬСЯ	106504-V	ПОСТУПОК ЧЕЛОВЕКА
ДОТЕЧЬ	115485-V	ПУХНУТЬ, ОПУХНУТЬ
ДОТЕЧЬ	118734-V	НАБРАТЬСЯ, НАКОПИТЬСЯ
ДОТЕЧЬ	116659-V	ВЛИТЬСЯ ВНУТРЬ
ДОТЕЧЬ	111979-V	ПОРТИТЬСЯ (УХУДШАТЬСЯ)
ДОТЕЧЬ	111980-V	ГНИЕНИЕ
ДОТЕЧЬ	111087-V	ПРОГНУТЬСЯ ОТ ТЯЖЕСТИ
ДОТЕЧЬ	111045-V	УДАЛИТЬСЯ НА НЕКОТОРОЕ РАССТОЯНИЕ
ДОТЕЧЬ	114549-V	СТЕКАНИЕ ЖИДКОСТИ
ДОТЕЧЬ	114723-V	ОСЕСТЬ СЛОЕМ
ДОТЕЧЬ	115958-V	БРЕСТИ С ТРУДОМ
ДРЯХЛЕТЬ	106629-V	ИЗМЕНИТЬСЯ, ИЗМЕНЕНИЕ
ДРЯХЛЕТЬ	119625-V	СЛАБЕТЬ, ТЕРЯТЬ СИЛУ
ДРЯХЛЕТЬ	133542-V	ОХВАТИТЬ (ВКЛЮЧИТЬ, ВВЕСТИ В КРУГ)
ДРЯХЛЕТЬ	155114-V	РАСПРОСТРАНЕНИЕ В ОБЩЕСТВЕ
ДРЯХЛЕТЬ	118623-V	ХОРОШЕТЬ (УЛУЧШАТЬСЯ)
ДРЯХЛЕТЬ	106637-V	УМЕНЬШИТЬСЯ
ДРЯХЛЕТЬ	152477-V	СНИЖЕНИЕ МАССЫ
ДРЯХЛЕТЬ	106633-V	УХУДШЕНИЕ
ДРЯХЛЕТЬ	106637-V	УМЕНЬШИТЬСЯ
ДРЯХЛЕТЬ	106633-V	УХУДШЕНИЕ
ЗАВЕШАТЬ	5792-V	ОБМАН ПОКУПАТЕЛЕЙ
ЗАВЕШАТЬ	113352-V	ВЕШАТЬ (ПОМЕСТИТЬ)
ЗАВЕШАТЬ	108830-V	НАКРЫТЬ, ПОКРЫТЬ СВЕРХУ
ЗАВЕШАТЬ	111572-V	ЗАКРЫТЬ ОТВЕРСТИЕ, ПРОХОД
ЗАВЕШАТЬ	113352-V	ВЕШАТЬ (ПОМЕСТИТЬ)
ЗАВЕШАТЬ	118261-V	ОБВЕСТИ КОНТУР
ЗАВЕШАТЬ	106618-V	РАЗМЕСТИТЬСЯ
ЗАВЕШАТЬ	117207-V	ТРЕПАТЬ, ИСТРЕПАТЬ
ЗАВЕШАТЬ	153392-V	ПОВТОРИТЬ СКАЗАННОЕ
ЗАВЕШАТЬ	114560-V	СЕСТЬ, ПРИНЯТЬ СИДЯЧЕЕ ПОЛОЖЕНИЕ
ЗАГОВОРИТЬСЯ	106697-V	УБЕДИТЬСЯ
ЗАГОВОРИТЬСЯ	114936-V	ПЕРЕРЕШИТЬ
ЗАГОВОРИТЬСЯ	115900-V	ПРИТВОРИТЬСЯ, ПРИКИНУТЬСЯ
ЗАГОВОРИТЬСЯ	119665-V	ПРЕДСТАВИТЬСЯ (ЯВИТЬСЯ В МЫСЛИ, В ВООБРАЖЕНИИ)
ЗАГОВОРИТЬСЯ	106793-V	ИСПУГ
ЗАГОВОРИТЬСЯ	118531-V	ЦЕПЕНЕТЬ, СТОЛБЕНЕТЬ
ЗАГОВОРИТЬСЯ	124330-V	ОТКАЗ ТЕХНИКИ
ЗАГОВОРИТЬСЯ	118420-V	ПЕРЕСТАВИТЬ НА ДРУГОЕ МЕСТО
ЗАГОВОРИТЬСЯ	131929-V	ХОД В ИГРЕ
ЗАГОВОРИТЬСЯ	119084-V	ИСКРИВИТЬСЯ, ПЕРЕКОСИТЬСЯ
ЗАДАРИТЬ	116746-V	СООБЩИТЬ СВОЙСТВО
ЗАДАРИТЬ	149898-V	ВЫЗВАТЬ МЫСЛЬ, ЧУВСТВО
ЗАДАРИТЬ	111983-V	ДОБАВИТЬ
ЗАДАРИТЬ	3852-V	ПОКУПКА (ДЕЯТЕЛЬНОСТЬ)
ЗАДАРИТЬ	106818-V	ПРИВЛЕЧЬ, ПОБУДИТЬ ПРИНЯТЬ УЧАСТИЕ
ЗАДАРИТЬ	106935-V	ДАТЬ, ВРУЧИТЬ
ЗАДАРИТЬ	116684-V	НРАВИТЬСЯ
ЗАДАРИТЬ	118574-V	ВНУШИТЬ МЫСЛЬ, ЧУВСТВО
ЗАДАРИТЬ	108856-V	ОДЕТЬ, ПОКРЫТЬ ОДЕЖДОЙ, ПОКРЫВАЛОМ
ЗАДАРИТЬ	117768-V	ПОТВОРСТВОВАТЬ
ЗАЛИЗАТЬ	106548-V	ПРИЧИНЕНИЕ ВРЕДА
ЗАЛИЗАТЬ	107418-V	ОТОРВАТЬ, ОБОРВАТЬ
ЗАЛИЗАТЬ	107011-V	ЧИСТИТЬ, УДАЛЯТЬ ГРЯЗЬ
ЗАЛИЗАТЬ	107010-V	МЫТЬ ОТ ГРЯЗИ
ЗАЛИЗАТЬ	111903-V	УБРАТЬ, СДЕЛАТЬ УБОРКУ
ЗАЛИЗАТЬ	123435-V	СТАРАТЬСЯ, ДЕЛАТЬ СО СТАРАНИЕМ
ЗАЛИЗАТЬ	112750-V	СКРЕСТИ, ТЕРЕТЬ ЖЕСТКИМ
ЗАЛИЗАТЬ	111865-V	ПРОВЕСТИ ПО ПОВЕРХНОСТИ
ЗАЛИЗАТЬ	2059-V	ТРАВМА
ЗАЛИЗАТЬ	3406-V	ПОВРЕЖДЕНИЕ ЗДОРОВЬЯ
ЗАМАЛИВАТЬ	120154-V	ПРИЗНАТЬ СВОЮ ВИНУ
ЗАМАЛИВАТЬ	107592-V	НАРУШЕНИЕ ПРАВИЛ
ЗАМАЛИВАТЬ	111260-V	ПЛОХОЙ ПОСТУПОК
ЗАМАЛИВАТЬ	116333-V	ПРОСТИТЬ, ИЗВИНИТЬ
ЗАМАЛИВАТЬ	112026-V	ВОЗМЕСТИТЬ
ЗАМАЛИВАТЬ	106535-V	СКЛОНИТЬ, ПОБУДИТЬ
ЗАМАЛИВАТЬ	107345-V	МОЛИТЬ
ЗАМАЛИВАТЬ	116735-V	ВЫПРОСИТЬ
ЗАМАЛИВАТЬ	106504-V	ПОСТУПОК ЧЕЛОВЕКА
ЗАМАЛИВАТЬ	115598-V	ПРИЗНАТЬСЯ, СОЗНАТЬСЯ
ЗАМОЛИТЬ	106535-V	СКЛОНИТЬ, ПОБУДИТЬ
ЗАМОЛИТЬ	107345-V	МОЛИТЬ
ЗАМОЛИТЬ	116735-V	ВЫПРОСИТЬ
ЗАМОЛИТЬ	107592-V	НАРУШЕНИЕ ПРАВИЛ
ЗАМОЛИТЬ	111260-V	ПЛОХОЙ ПОСТУПОК
ЗАМОЛИТЬ	112026-V	ВОЗМЕСТИТЬ
ЗАМОЛИТЬ	116333-V	ПРОСТИТЬ, ИЗВИНИТЬ
ЗАМОЛИТЬ	115598-V	ПРИЗНАТЬСЯ, СОЗНАТЬСЯ
ЗАМОЛИТЬ	115963-V	КАЯТЬСЯ (ПРИЗНАТЬСЯ)
ЗАМОЛИТЬ	120154-V	ПРИЗНАТЬ СВОЮ ВИНУ
ЗАПРОКИДЫВАТЬ	119796-V	ОТКЛОНИТЬСЯ, СМЕСТИТЬСЯ В СТОРОНУ
ЗАПРОКИДЫВАТЬ	106587-V	ДВИЖЕНИЕ, ПЕРЕМЕЩЕНИЕ
ЗАПРОКИДЫВАТЬ	111085-V	ОПУСТИТЬСЯ ВНИЗ
ЗАПРОКИДЫВАТЬ	111086-V	ГНУТЬСЯ, СОГНУТЬСЯ
ЗАПРОКИДЫВАТЬ	108821-V	ПОДНЯТЬ, ПЕРЕМЕСТИТЬ ВВЕРХ
ЗАПРОКИДЫВАТЬ	111572-V	ЗАКРЫТЬ ОТВЕРСТИЕ, ПРОХОД
ЗАПРОКИДЫВАТЬ	108824-V	ОПУСТИТЬ ВНИЗ
ЗАПРОКИДЫВАТЬ	111050-V	ГНУТЬ, ИЗОГНУТЬ
ЗАПРОКИДЫВАТЬ	115840-V	ОТКЛОНИТЬ, СМЕСТИТЬ В СТОРОНУ
ЗАПРОКИДЫВАТЬ	117735-V	МОРЩИТЬ ЛИЦО
ЗАРАБОТАТЬСЯ	106476-V	СТРЕМЛЕНИЕ, ЖЕЛАНИЕ
ЗАРАБОТАТЬСЯ	111097-V	ИЗМЕНЕНИЕ АГРЕГАТНОГО СОСТОЯНИЯ
ЗАРАБОТАТЬСЯ	124330-V	ОТКАЗ ТЕХНИКИ
ЗАРАБОТАТЬСЯ	111994-V	ДЕЛИТЬСЯ НА ЧАСТИ
ЗАРАБОТАТЬСЯ	118380-V	РАЗРУШИТЬСЯ ФИЗИЧЕСКИ
ЗАРАБОТАТЬСЯ	119903-V	ЛОМАТЬСЯ НА ЧАСТИ
ЗАРАБОТАТЬСЯ	111979-V	ПОРТИТЬСЯ (УХУДШАТЬСЯ)
ЗАРАБОТАТЬСЯ	111688-V	РАЗЪЕДИНИТЬСЯ
ЗАРАБОТАТЬСЯ	115548-V	ОТДЕЛИТЬСЯ ОТ ЦЕЛОГО
ЗАРАБОТАТЬСЯ	114073-V	БЕЗДЕЛЬНИЧАТЬ
ЗАРЕШЕТИТЬ	107325-V	ПОКРЫТЬ ПОВЕРХНОСТЬ
ЗАРЕШЕТИТЬ	113657-V	ПРОДЫРЯВИТЬ
ЗАРЕШЕТИТЬ	106501-V	ЗАНЯТИЕ, ДЕЯТЕЛЬНОСТЬ
ЗАРЕШЕТИТЬ	107325-V	ПОКРЫТЬ ПОВЕРХНОСТЬ
ЗАРЕШЕТИТЬ	111050-V	ГНУТЬ, ИЗОГНУТЬ
ЗАРЕШЕТИТЬ	116661-V	ВДАВИТЬ ВНУТРЬ
ЗАРЕШЕТИТЬ	111853-V	ПРОДЕЛАТЬ ОТВЕРСТИЕ
ЗАРЕШЕТИТЬ	117933-V	ПРОТИСКАТЬСЯ
ЗАРЕШЕТИТЬ	134193-V	РАСТОЛКАТЬ В РАЗНЫЕ СТОРОНЫ
ЗАРЕШЕТИТЬ	124167-V	ТЕХНОГЕННОЕ ЗАГРЯЗНЕНИЕ
ЗАСТУДИТЬ	110474-V	ВЫЗВАТЬ, ПОРОДИТЬ
ЗАСТУДИТЬ	111104-V	ОХЛАДИТЬ, УМЕНЬШИТЬ ТЕМПЕРАТУРУ
ЗАСТУДИТЬ	127475-V	ПЕРЕБОРЩИТЬ, ПЕРЕХВАТИТЬ
ЗАСТУДИТЬ	111615-V	ЗАБОЛЕТЬ БОЛЕЗНЬЮ
ЗАСТУДИТЬ	113823-V	ПОМОРОЗИТЬ, ПОВРЕДИТЬ МОРОЗОМ
ЗАСТУДИТЬ	2059-V	ТРАВМА
ЗАСТУДИТЬ	106638-V	УМЕНЬШИТЬ
ЗАСТУДИТЬ	111370-V	ПОВРЕДИТЬ
ЗАСТУДИТЬ	127475-V	ПЕРЕБОРЩИТЬ, ПЕРЕХВАТИТЬ
ЗАСТУДИТЬ	111979-V	ПОРТИТЬСЯ (УХУДШАТЬСЯ)
ЗАЧИТАТЬСЯ	114267-V	ЧТЕНИЕ ТЕКСТА
ЗАЧИТАТЬСЯ	118667-V	УДОВЛЕТВОРИТЬСЯ
ЗАЧИТАТЬСЯ	107094-V	ПРОИЗНЕСТИ, ВЫГОВОРИТЬ, ПРОГОВОРИТЬ
ЗАЧИТАТЬСЯ	110440-V	ИСПОЛНИТЬ (ВОСПРОИЗВЕСТИ)
ЗАЧИТАТЬСЯ	106915-V	ОЩУЩАТЬ, ВОСПРИНИМАТЬ
ЗАЧИТАТЬСЯ	106886-V	ИЗЛОЖИТЬ
ЗАЧИТАТЬСЯ	117207-V	ТРЕПАТЬ, ИСТРЕПАТЬ
ЗАЧИТАТЬСЯ	107094-V	ПРОИЗНЕСТИ, ВЫГОВОРИТЬ, ПРОГОВОРИТЬ
ЗАЧИТАТЬСЯ	114267-V	ЧТЕНИЕ ТЕКСТА
ЗАЧИТАТЬСЯ	119317-V	НАСЛАДИТЬСЯ
ЗЛОБСТВОВАТЬ	148420-V	ОТНОШЕНИЯ МЕЖДУ ЛЮДЬМИ
ЗЛОБСТВОВАТЬ	115299-V	БУШЕВАТЬ (ПРОИСХОДИТЬ С НЕОБЫЧАЙНОЙ СИЛОЙ)
ЗЛОБСТВОВАТЬ	111260-V	ПЛОХОЙ ПОСТУПОК
ЗЛОБСТВОВАТЬ	115208-V	ОСКОРБИТЬ
ЗЛОБСТВОВАТЬ	120955-V	ИЗМЕНЕНИЕ СОСТОЯНИЯ
ЗЛОБСТВОВАТЬ	111260-V	ПЛОХОЙ ПОСТУПОК
ЗЛОБСТВОВАТЬ	115900-V	ПРИТВОРИТЬСЯ, ПРИКИНУТЬСЯ
ЗЛОБСТВОВАТЬ	107094-V	ПРОИЗНЕСТИ, ВЫГОВОРИТЬ, ПРОГОВОРИТЬ
ЗЛОБСТВОВАТЬ	107190-V	РУГАТЬ
ЗЛОБСТВОВАТЬ	107094-V	ПРОИЗНЕСТИ, ВЫГОВОРИТЬ, ПРОГОВОРИТЬ
ИЗВЕДАТЬ	150230-V	ПРЕБЫВАТЬ В СОСТОЯНИИ
ИЗВЕДАТЬ	106709-V	УЗНАТЬ, ПОЛУЧИТЬ СВЕДЕНИЯ
ИЗВЕДАТЬ	106501-V	ЗАНЯТИЕ, ДЕЯТЕЛЬНОСТЬ
ИЗВЕДАТЬ	142340-V	СБОР ИНФОРМАЦИИ
ИЗВЕДАТЬ	106901-V	ОСМОТРЕТЬ, ОБСЛЕДОВАТЬ
ИЗВЕДАТЬ	106467-V	МЫСЛИТЕЛЬНЫЙ ПРОЦЕСС
ИЗВЕДАТЬ	106678-V	ПОНЯТЬ
ИЗВЕДАТЬ	106709-V	УЗНАТЬ, ПОЛУЧИТЬ СВЕДЕНИЯ
ИЗВЕДАТЬ	116929-V	СТРАДАТЬ, ИСПЫТЫВАТЬ СТРАДАНИЯ
ИЗВЕДАТЬ	117603-V	ПЕРЕСТРАДАТЬ, НАСТРАДАТЬСЯ
ИНКОРПОРИРОВАТЬ	107533-V	ОБЪЕДИНИТЬ В ЕДИНОЕ ЦЕЛОЕ
ИНКОРПОРИРОВАТЬ	111191-V	ВСТАВИТЬ ВНУТРЬ
ИНКОРПОРИРОВАТЬ	107417-V	ОТДЕЛИТЬ ЧАСТЬ ОТ ЦЕЛОГО
ИНКОРПОРИРОВАТЬ	115880-V	ВЫДЕЛИТЬ, ОТЛИЧИТЬ ОТ ОСТАЛЬНЫХ
ИНКОРПОРИРОВАТЬ	115247-V	ГНАТЬ, ВЫГОНЯТЬ
ИНКОРПОРИРОВАТЬ	138362-V	УПОРЯДОЧИТЬ (ПРИВЕСТИ В ПОРЯДОК)
ИНКОРПОРИРОВАТЬ	110751-V	НАПОЛНИТЬ
ИНКОРПОРИРОВАТЬ	118746-V	СВЕСТИ В ОДНО МЕСТО
ИНКОРПОРИРОВАТЬ	120139-V	КЛАССИФИЦИРОВАТЬ
ИНКОРПОРИРОВАТЬ	120126-V	РЕАКЦИЯ ОРГАНИЗМА
ИСПОЛОСОВАТЬ	106501-V	ЗАНЯТИЕ, ДЕЯТЕЛЬНОСТЬ
ИСПОЛОСОВАТЬ	115486-V	ВКЛЮЧИТЬ В СОСТАВ
ИСПОЛОСОВАТЬ	106494-V	ВЫПОЛНИТЬ, ИСПОЛНИТЬ, ОСУЩЕСТВИТЬ
ИСПОЛОСОВАТЬ	145128-V	ПЕРЕСМОТР СУДЕБНЫХ РЕШЕНИЙ
ИСПОЛОСОВАТЬ	106501-V	ЗАНЯТИЕ, ДЕЯТЕЛЬНОСТЬ
ИСПОЛОСОВАТЬ	109444-V	УКРАСИТЬ
ИСПОЛОСОВАТЬ	123846-V	СРАСТИТЬ ВМЕСТЕ
ИСПОЛОСОВАТЬ	923-V	МЕХАНИЗАЦИЯ
ИСЦАРАПАТЬ	111865-V	ПРОВЕСТИ ПО ПОВЕРХНОСТИ
ИСЦАРАПАТЬ	107002-V	ИЗОБРАЗИТЬ (ВОСПРОИЗВЕСТИ)
ИСЦАРАПАТЬ	111916-V	ЧЕРТИТЬ, ПРОВОДИТЬ ЧЕРТУ
ИСЦАРАПАТЬ	111369-V	ПОРТИТЬ, ДЕЛАТЬ ПЛОХИМ
ИСЦАРАПАТЬ	115593-V	ХВАТАТЬ, СХВАТИТЬ
ИСЦАРАПАТЬ	107416-V	РВАТЬ, РАЗОРВАТЬ НА ЧАСТИ
ИСЦАРАПАТЬ	106629-V	ИЗМЕНИТЬСЯ, ИЗМЕНЕНИЕ
ИСЦАРАПАТЬ	107418-V	ОТОРВАТЬ, ОБОРВАТЬ
ИСЦАРАПАТЬ	107013-V	ГРЯЗНИТЬ, ПАЧКАТЬ
ИСЦАРАПАТЬ	149601-V	ВДАВИТЬСЯ ВНУТРЬ
КАРКАТЬ	107094-V	ПРОИЗНЕСТИ, ВЫГОВОРИТЬ, ПРОГОВОРИТЬ
КАРКАТЬ	118140-V	БОЛТАТЬ, ЧЕСАТЬ ЯЗЫКОМ
КАРКАТЬ	107093-V	ИЗДАТЬ ЗВУК
КАРКАТЬ	115900-V	ПРИТВОРИТЬСЯ, ПРИКИНУТЬСЯ
КАРКАТЬ	115704-V	ПЕНИЕ ПТИЦЫ
КАРКАТЬ	107093-V	ИЗДАТЬ ЗВУК
КАРКАТЬ	114426-V	СОПРОТИВЛЯТЬСЯ
КАРКАТЬ	119293-V	УПОРСТВОВАТЬ
КАРКАТЬ	107093-V	ИЗДАТЬ ЗВУК
КАРКАТЬ	107140-V	ЛЬСТИТЬ, ХВАЛИТЬ ИЗ ЛЕСТИ
КАТАЛОГИЗИРОВАТЬ	111902-V	НАВОДИТЬ ПОРЯДОК
КАТАЛОГИЗИРОВАТЬ	106501-V	ЗАНЯТИЕ, ДЕЯТЕЛЬНОСТЬ
КАТАЛОГИЗИРОВАТЬ	112077-V	СОБРАТЬ В ОДНОМ МЕСТЕ
КАТАЛОГИЗИРОВАТЬ	111592-V	РАСПРЕДЕЛИТЬ ПО ДОЛЯМ
КАТАЛОГИЗИРОВАТЬ	112070-V	РАЗОБРАТЬ (НАВЕСТИ ПОРЯДОК)
КАТАЛОГИЗИРОВАТЬ	107129-V	СИСТЕМАТИЗИРОВАТЬ
КАТАЛОГИЗИРОВАТЬ	118456-V	ПОДРАЗДЕЛИТЬ
КАТАЛОГИЗИРОВАТЬ	138362-V	УПОРЯДОЧИТЬ (ПРИВЕСТИ В ПОРЯДОК)
КАТАЛОГИЗИРОВАТЬ	107533-V	ОБЪЕДИНИТЬ В ЕДИНОЕ ЦЕЛОЕ
КАТАЛОГИЗИРОВАТЬ	110909-V	УДАЛИТЬ, ИСКЛЮЧИТЬ
КНЯЖИТЬ	116036-V	ВЫДЕЛАТЬ
КНЯЖИТЬ	115660-V	ПРЕВЗОЙТИ
КНЯЖИТЬ	118038-V	ПОДЧИНИТЬ СВОЕЙ ВЛАСТИ
КНЯЖИТЬ	148420-V	ОТНОШЕНИЯ МЕЖДУ ЛЮДЬМИ
КНЯЖИТЬ	118038-V	ПОДЧИНИТЬ СВОЕЙ ВЛАСТИ
КНЯЖИТЬ	107305-V	ПОСЕТИТЬ (ПРИЙТИ, ПОБЫВАТЬ)
КНЯЖИТЬ	113723-V	ЖИТЬ, ОБИТАТЬ
КНЯЖИТЬ	123789-V	МОЧЬ, ИМЕТЬ ВОЗМОЖНОСТЬ
КНЯЖИТЬ	106473-V	ОБУСЛАВЛИВАТЬ, СПОСОБСТВОВАТЬ
КНЯЖИТЬ	106702-V	БОРОТЬСЯ, ДОБИВАТЬСЯ
КОМПОСТИРОВАТЬ	107013-V	ГРЯЗНИТЬ, ПАЧКАТЬ
КОМПОСТИРОВАТЬ	114786-V	ВНЕСТИ (ВКЛЮЧИТЬ, ДОБАВИТЬ)
КОМПОСТИРОВАТЬ	115570-V	ОБОГАЩЕНИЕ МАТЕРИАЛА, ПРОДУКТА
КОМПОСТИРОВАТЬ	118860-V	ПИТАТЬ (СНАБЖАТЬ)
КОМПОСТИРОВАТЬ	151674-V	ОБРАБОТКА ПОЧВЫ
КОМПОСТИРОВАТЬ	115912-V	ПЕРЕУБЕДИТЬ
КОМПОСТИРОВАТЬ	123744-V	ПРОПАГАНДА ИДЕЙ, ЗНАНИЙ
КОМПОСТИРОВАТЬ	117320-V	УТОМИТЬСЯ, УСТАТЬ
КОМПОСТИРОВАТЬ	112275-V	ПРОВЕТРИВАНИЕ ПОМЕЩЕНИЯ
КОМПОСТИРОВАТЬ	115184-V	ВСКОПАТЬ
КООПЕРИРОВАТЬСЯ	107614-V	СОТРУДНИЧЕСТВО
КООПЕРИРОВАТЬСЯ	111484-V	СОЕДИНИТЬСЯ В ОДНО ЦЕЛОЕ
КООПЕРИРОВАТЬСЯ	840-V	ТРУД
КООПЕРИРОВАТЬСЯ	878-V	РАБОТА ПО СОВМЕСТИТЕЛЬСТВУ
КООПЕРИРОВАТЬСЯ	106646-V	ОТНОШЕНИЕ МЕЖДУ СУЩНОСТЯМИ
КООПЕРИРОВАТЬСЯ	111611-V	ВЛИЯТЬ, ВОЗДЕЙСТВОВАТЬ
КООПЕРИРОВАТЬСЯ	106856-V	УЧАСТИЕ, УЧАСТВОВАТЬ
КООПЕРИРОВАТЬСЯ	123479-V	ВЗАИМОДЕЙСТВИЕ (ВЗАИМНАЯ ПОДДЕРЖКА)
КООПЕРИРОВАТЬСЯ	144027-V	СОВМЕСТНАЯ ДЕЯТЕЛЬНОСТЬ
КООПЕРИРОВАТЬСЯ	106961-V	СОРЕВНОВАНИЕ, СОСТЯЗАНИЕ
КРИВИТЬ	107180-V	ЛГАТЬ, ГОВОРИТЬ НЕПРАВДУ
КРИВИТЬ	126522-V	ГРИМАСНИЧАТЬ, ДЕЛАТЬ ГРИМАСЫ
КРИВИТЬ	107140-V	ЛЬСТИТЬ, ХВАЛИТЬ ИЗ ЛЕСТИ
КРИВИТЬ	111050-V	ГНУТЬ, ИЗОГНУТЬ
КРИВИТЬ	116367-V	ДЕФОРМИРОВАТЬ
КРИВИТЬ	117094-V	ШЕВЕЛИТЬ ЧАСТЬЮ ТЕЛА
КРИВИТЬ	111086-V	ГНУТЬСЯ, СОГНУТЬСЯ
КРИВИТЬ	143230-V	ДЕФОРМАЦИЯ
КРИВИТЬ	150231-V	ВЫБРОСИТЬ ИЗ СЕБЯ
КРИВИТЬ	117735-V	МОРЩИТЬ ЛИЦО
КРОНИРОВАТЬ	106472-V	ПОМОЩЬ, ПОДДЕРЖКА
КРОНИРОВАТЬ	106529-V	ОБСЛУЖИТЬ (УДОВЛЕТВОРИТЬ НУЖДЫ)
КРОНИРОВАТЬ	106496-V	УЧРЕДИТЬ, ОРГАНИЗОВАТЬ
КРОНИРОВАТЬ	144027-V	СОВМЕСТНАЯ ДЕЯТЕЛЬНОСТЬ
КРОНИРОВАТЬ	106595-V	ОБЕРЕГАТЬ, ЗАЩИЩАТЬ
КРОНИРОВАТЬ	112905-V	СОДЕЙСТВИЕ
КРОНИРОВАТЬ	144001-V	ВОЗВРАТ ИМУЩЕСТВА, СРЕДСТВ
КРОНИРОВАТЬ	149549-V	РАСПОЛАГАТЬ, ИМЕТЬ В СВОЕМ РАСПОРЯЖЕНИИ
КРОНИРОВАТЬ	570-V	ПРИВАТИЗАЦИЯ
КРОНИРОВАТЬ	106501-V	ЗАНЯТИЕ, ДЕЯТЕЛЬНОСТЬ
КУДАХТАТЬ	107093-V	ИЗДАТЬ ЗВУК
КУДАХТАТЬ	107093-V	ИЗДАТЬ ЗВУК
КУДАХТАТЬ	107104-V	КРИЧАТЬ, ИЗДАВАТЬ КРИК
КУДАХТАТЬ	115704-V	ПЕНИЕ ПТИЦЫ
КУДАХТАТЬ	107093-V	ИЗДАТЬ ЗВУК
КУДАХТАТЬ	115752-V	ЖАЛОВАТЬСЯ (ВЫСКАЗЫВАТЬ НЕУДОВОЛЬСТВИЕ)
КУДАХТАТЬ	116102-V	НАДОЕСТЬ
КУДАХТАТЬ	107094-V	ПРОИЗНЕСТИ, ВЫГОВОРИТЬ, ПРОГОВОРИТЬ
КУДАХТАТЬ	118140-V	БОЛТАТЬ, ЧЕСАТЬ ЯЗЫКОМ
КУДАХТАТЬ	115704-V	ПЕНИЕ ПТИЦЫ
ЛАЙКНУТЬ	118866-V	ПРОПУСТИТЬ ВОЗМОЖНОСТЬ
ЛАЙКНУТЬ	120319-V	ЗАБРАТЬ (ВЗЯТЬ, ЗАХВАТИТЬ)
ЛАЙКНУТЬ	126274-V	ПРИЙТИ К МЕСТУ
ЛАЙКНУТЬ	10119-V	ГОЛОСОВАНИЕ (ПРОЦЕДУРА)
ЛАЙКНУТЬ	107602-V	ПОВТОРИТЬ, СДЕЛАТЬ ЕЩЕ РАЗ
ЛАЙКНУТЬ	106977-V	ОТВЕТИТЬ, ДАТЬ ОТВЕТ
ЛАЙКНУТЬ	127414-V	ОТФУТБОЛИТЬ (ИЗБАВИТЬСЯ)
ЛАЙКНУТЬ	112280-V	ПЛАТИТЬ (ОТДАВАТЬ ДЕНЬГИ)
ЛАЙКНУТЬ	106877-V	ВЫСКАЗАТЬ МНЕНИЕ
ЛАЙКНУТЬ	111846-V	ПОПАСТЬ (ОКАЗАТЬСЯ, ОЧУТИТЬСЯ)
ЛЕГИРОВАТЬ	111881-V	НАНЕСЕНИЕ НА ПОВЕРХНОСТЬ
ЛЕГИРОВАТЬ	106477-V	ПОЯВИТЬСЯ, ВОЗНИКНУТЬ, НАЧАТЬСЯ
ЛЕГИРОВАТЬ	108948-V	НАГРЕТЬ, ПОВЫСИТЬ ТЕМПЕРАТУРУ
ЛЕГИРОВАТЬ	106950-V	ПРЕВРАТИТЬ (ПРИДАТЬ ИНОЙ ВИД, КАЧЕСТВО)
ЛЕГИРОВАТЬ	107707-V	СКРЕПИТЬ (ПРОЧНО СОЕДИНИТЬ)
ЛЕГИРОВАТЬ	111097-V	ИЗМЕНЕНИЕ АГРЕГАТНОГО СОСТОЯНИЯ
ЛЕГИРОВАТЬ	107417-V	ОТДЕЛИТЬ ЧАСТЬ ОТ ЦЕЛОГО
ЛЕГИРОВАТЬ	106495-V	ИЗГОТОВИТЬ, ВЫРАБОТАТЬ
ЛЕГИРОВАТЬ	111844-V	КОВКА
ЛЕГИРОВАТЬ	112429-V	ПРОБИВАНИЕ ОТВЕРСТИЯ
ЛОСНИТЬСЯ	113005-V	СВЕТИТЬСЯ, ИЗЛУЧАТЬ СВЕТ
ЛОСНИТЬСЯ	110416-V	ИЗМЕНЯТЬСЯ В ЦВЕТЕ
ЛОСНИТЬСЯ	111001-V	ВИДНЕТЬСЯ
ЛОСНИТЬСЯ	106639-V	УВЕЛИЧИТЬСЯ
ЛОСНИТЬСЯ	111495-V	ТОЛСТЕТЬ (УВЕЛИЧИВАТЬСЯ В ОБЪЕМЕ)
ЛОСНИТЬСЯ	106639-V	УВЕЛИЧИТЬСЯ
ЛОСНИТЬСЯ	106629-V	ИЗМЕНИТЬСЯ, ИЗМЕНЕНИЕ
ЛОСНИТЬСЯ	110416-V	ИЗМЕНЯТЬСЯ В ЦВЕТЕ
ЛОСНИТЬСЯ	110416-V	ИЗМЕНЯТЬСЯ В ЦВЕТЕ
ЛОСНИТЬСЯ	120653-V	СОЙТИ С ПОВЕРХНОСТИ
ЛЬГОТИРОВАТЬ	106501-V	ЗАНЯТИЕ, ДЕЯТЕЛЬНОСТЬ
ЛЬГОТИРОВАТЬ	112355-V	ЗАСЫПАТЬ ДОВЕРХУ
ЛЬГОТИРОВАТЬ	106494-V	ВЫПОЛНИТЬ, ИСПОЛНИТЬ, ОСУЩЕСТВИТЬ
ЛЬГОТИРОВАТЬ	145128-V	ПЕРЕСМОТР СУДЕБНЫХ РЕШЕНИЙ
ЛЬГОТИРОВАТЬ	106501-V	ЗАНЯТИЕ, ДЕЯТЕЛЬНОСТЬ
ЛЬГОТИРОВАТЬ	7237-V	УПРАВЛЕНЧЕСКАЯ ДЕЯТЕЛЬНОСТЬ
ЛЬГОТИРОВАТЬ	106501-V	ЗАНЯТИЕ, ДЕЯТЕЛЬНОСТЬ
ЛЬГОТИРОВАТЬ	923-V	МЕХАНИЗАЦИЯ
ЛЬГОТИРОВАТЬ	111435-V	НАСЫТИТЬ (НАПОЛНИТЬ В БОЛЬШОМ КОЛИЧЕСТВЕ)
ЛЬГОТИРОВАТЬ	124516-V	СЛОЖИТЬ (ПЕРЕГНУТЬ)
ЛЯЗГАТЬ	107093-V	ИЗДАТЬ ЗВУК
ЛЯЗГАТЬ	111795-V	ЗВЕНЕТЬ
ЛЯЗГАТЬ	107094-V	ПРОИЗНЕСТИ, ВЫГОВОРИТЬ, ПРОГОВОРИТЬ
ЛЯЗГАТЬ	118140-V	БОЛТАТЬ, ЧЕСАТЬ ЯЗЫКОМ
ЛЯЗГАТЬ	107093-V	ИЗДАТЬ ЗВУК
ЛЯЗГАТЬ	107093-V	ИЗДАТЬ ЗВУК
ЛЯЗГАТЬ	107093-V	ИЗДАТЬ ЗВУК
ЛЯЗГАТЬ	107093-V	ИЗДАТЬ ЗВУК
ЛЯЗГАТЬ	107106-V	ШУМЕТЬ, ИЗДАВАТЬ ШУМ
ЛЯЗГАТЬ	113024-V	ГРЕМЕТЬ, ГРОМЫХАТЬ
МАНКИРОВАТЬ	118667-V	УДОВЛЕТВОРИТЬСЯ
МАНКИРОВАТЬ	116921-V	ПЕРЕЖИТЬ, ИСПЫТАТЬ
МАНКИРОВАТЬ	117609-V	РАСТРОГАТЬСЯ, РАСЧУВСТВОВАТЬСЯ
МАНКИРОВАТЬ	118601-V	ДЕЙСТВОВАТЬ (ВЛИЯТЬ, ВОЗДЕЙСТВОВАТЬ)
МАНКИРОВАТЬ	113119-V	ОБМАНУТЬ, ВВЕСТИ В ЗАБЛУЖДЕНИЕ
МАНКИРОВАТЬ	5295-V	МОШЕННИЧЕСТВО
МАНКИРОВАТЬ	7609-V	КРАЖА
МАНКИРОВАТЬ	117768-V	ПОТВОРСТВОВАТЬ
МАНКИРОВАТЬ	120302-V	ХРАБРИТЬСЯ
МАНКИРОВАТЬ	125439-V	РИСОВКА, ПОЗЕРСТВО
МИКШИРОВАТЬ	115814-V	ПЕРЕЛОЖИТЬ (ПРЕДСТАВИТЬ В ДРУГОЙ ФОРМЕ)
МИКШИРОВАТЬ	106556-V	ПРОВЕСТИ, ОРГАНИЗОВАТЬ, УСТРОИТЬ
МИКШИРОВАТЬ	106607-V	УПРАВЛЯТЬ, РУКОВОДИТЬ
МИКШИРОВАТЬ	132848-V	НАСТРОИТЬ (ОТРЕГУЛИРОВАТЬ)
МИКШИРОВАТЬ	106607-V	УПРАВЛЯТЬ, РУКОВОДИТЬ
МИКШИРОВАТЬ	106686-V	ИССЛЕДОВАНИЕ, ИЗУЧЕНИЕ
МИКШИРОВАТЬ	124899-V	ОБОБЩИТЬ (ВЫРАЗИТЬ)
МИКШИРОВАТЬ	106557-V	СОЕДИНИТЬ В ОДНО ЦЕЛОЕ
МИКШИРОВАТЬ	153392-V	ПОВТОРИТЬ СКАЗАННОЕ
МИКШИРОВАТЬ	106490-V	НАЛАДИТЬ (ПРИВЕСТИ В РАБОЧЕЕ СОСТОЯНИЕ)
МОЛОДИТЬ	106501-V	ЗАНЯТИЕ, ДЕЯТЕЛЬНОСТЬ
МОЛОДИТЬ	111050-V	ГНУТЬ, ИЗОГНУТЬ
МОЛОДИТЬ	116661-V	ВДАВИТЬ ВНУТРЬ
МОЛОДИТЬ	106494-V	ВЫПОЛНИТЬ, ИСПОЛНИТЬ, ОСУЩЕСТВИТЬ
МОЛОДИТЬ	145128-V	ПЕРЕСМОТР СУДЕБНЫХ РЕШЕНИЙ
МОЛОДИТЬ	111104-V	ОХЛАДИТЬ, УМЕНЬШИТЬ ТЕМПЕРАТУРУ
МОЛОДИТЬ	115486-V	ВКЛЮЧИТЬ В СОСТАВ
МОЛОДИТЬ	123846-V	СРАСТИТЬ ВМЕСТЕ
МОЛОДИТЬ	111435-V	НАСЫТИТЬ (НАПОЛНИТЬ В БОЛЬШОМ КОЛИЧЕСТВЕ)
МОЛОДИТЬ	107417-V	ОТДЕЛИТЬ ЧАСТЬ ОТ ЦЕЛОГО
МОТОРИЗОВАТЬ	106501-V	ЗАНЯТИЕ, ДЕЯТЕЛЬНОСТЬ
МОТОРИЗОВАТЬ	7237-V	УПРАВЛЕНЧЕСКАЯ ДЕЯТЕЛЬНОСТЬ
МОТОРИЗОВАТЬ	124516-V	СЛОЖИТЬ (ПЕРЕГНУТЬ)
МОТОРИЗОВАТЬ	111435-V	НАСЫТИТЬ (НАПОЛНИТЬ В БОЛЬШОМ КОЛИЧЕСТВЕ)
МОТОРИЗОВАТЬ	923-V	МЕХАНИЗАЦИЯ
МОТОРИЗОВАТЬ	106494-V	ВЫПОЛНИТЬ, ИСПОЛНИТЬ, ОСУЩЕСТВИТЬ
МОТОРИЗОВАТЬ	145128-V	ПЕРЕСМОТР СУДЕБНЫХ РЕШЕНИЙ
МОТОРИЗОВАТЬ	116121-V	ЗАПУГАТЬ (ЗАСТАВИТЬ БОЯТЬСЯ)
МОТОРИЗОВАТЬ	111050-V	ГНУТЬ, ИЗОГНУТЬ
МОТОРИЗОВАТЬ	116661-V	ВДАВИТЬ ВНУТРЬ
МУЛЬЧИРОВАТЬ	115184-V	ВСКОПАТЬ
МУЛЬЧИРОВАТЬ	151674-V	ОБРАБОТКА ПОЧВЫ
МУЛЬЧИРОВАТЬ	114786-V	ВНЕСТИ (ВКЛЮЧИТЬ, ДОБАВИТЬ)
МУЛЬЧИРОВАТЬ	115570-V	ОБОГАЩЕНИЕ МАТЕРИАЛА, ПРОДУКТА
МУЛЬЧИРОВАТЬ	118860-V	ПИТАТЬ (СНАБЖАТЬ)
МУЛЬЧИРОВАТЬ	151674-V	ОБРАБОТКА ПОЧВЫ
МУЛЬЧИРОВАТЬ	106501-V	ЗАНЯТИЕ, ДЕЯТЕЛЬНОСТЬ
МУЛЬЧИРОВАТЬ	115182-V	РЫХЛЕНИЕ ПОЧВЫ
МУЛЬЧИРОВАТЬ	115193-V	ОКРУЖИТЬ, ЗАКЛЮЧИТЬ В КРУГ
МУЛЬЧИРОВАТЬ	112737-V	ЗАНЯТЬ ВСЕ ПРОСТРАНСТВО
МУШТРОВАТЬ	114819-V	ПРИУЧИТЬ
МУШТРОВАТЬ	118370-V	УЧИТЬ, ОБУЧАТЬ
МУШТРОВАТЬ	106542-V	СООБЩИТЬ, УВЕДОМИТЬ
МУШТРОВАТЬ	111885-V	ЗАПОМНИТЬ, СОХРАНИТЬ В ПАМЯТИ
МУШТРОВАТЬ	130167-V	УСВОИТЬ ИНФОРМАЦИЮ
МУШТРОВАТЬ	106535-V	СКЛОНИТЬ, ПОБУДИТЬ
МУШТРОВАТЬ	107404-V	УДАРИТЬ, НАНЕСТИ УДАР
МУШТРОВАТЬ	114599-V	УТОМИТЬ
МУШТРОВАТЬ	118663-V	ИСТОЩИТЬ (КРАЙНЕ ОСЛАБИТЬ)
МУШТРОВАТЬ	108830-V	НАКРЫТЬ, ПОКРЫТЬ СВЕРХУ
НАБЕГАТЬСЯ	115698-V	СОБРАТЬСЯ В ОДНОМ МЕСТЕ
НАБЕГАТЬСЯ	117504-V	ПРИБЕЖАТЬ
НАБЕГАТЬСЯ	117320-V	УТОМИТЬСЯ, УСТАТЬ
НАБЕГАТЬСЯ	118667-V	УДОВЛЕТВОРИТЬСЯ
НАБЕГАТЬСЯ	152910-V	ДВИГАТЬСЯ НА НОГАХ
НАБЕГАТЬСЯ	116921-V	ПЕРЕЖИТЬ, ИСПЫТАТЬ
НАБЕГАТЬСЯ	107447-V	ПАДАТЬ (ДВИГАТЬСЯ ВНИЗ)
НАБЕГАТЬСЯ	115522-V	ДОБРАТЬСЯ ДО МЕСТА
НАБЕГАТЬСЯ	115804-V	СТОЛКНОВЕНИЕ С ПРЕПЯТСТВИЕМ
НАБЕГАТЬСЯ	106639-V	УВЕЛИЧИТЬСЯ
НАГУЛЯТЬ	118667-V	УДОВЛЕТВОРИТЬСЯ
НАГУЛЯТЬ	126588-V	КУТИТЬ, ГУЛЯТЬ
НАГУЛЯТЬ	152320-V	ПЕШАЯ ПРОГУЛКА
НАГУЛЯТЬ	111495-V	ТОЛСТЕТЬ (УВЕЛИЧИВАТЬСЯ В ОБЪЕМЕ)
НАГУЛЯТЬ	133516-V	ТЯЖЕЛЕТЬ, ПРИБАВЛЯТЬ В ВЕСЕ
НАГУЛЯТЬ	111862-V	КОРМИТЬ, ДАВАТЬ ЕДУ
НАГУЛЯТЬ	118667-V	УДОВЛЕТВОРИТЬСЯ
НАГУЛЯТЬ	132769-V	НАЖИТЬ НЕПРИЯТНОСТИ
НАГУЛЯТЬ	118994-V	ТОЛСТЕТЬ, ПОЛНЕТЬ
НАГУЛЯТЬ	106934-V	ЕСТЬ, ПРИНИМАТЬ ПИЩУ
НАЕЗДИТЬСЯ	118459-V	РАЗВЕРНУТЬСЯ (РАСКРЫТЬСЯ)
НАЕЗДИТЬСЯ	117320-V	УТОМИТЬСЯ, УСТАТЬ
НАЕЗДИТЬСЯ	111979-V	ПОРТИТЬСЯ (УХУДШАТЬСЯ)
НАЕЗДИТЬСЯ	114560-V	СЕСТЬ, ПРИНЯТЬ СИДЯЧЕЕ ПОЛОЖЕНИЕ
НАЕЗДИТЬСЯ	116269-V	ЛЕЧЬ, ПРИНЯТЬ ЛЕЖАЧЕЕ ПОЛОЖЕНИЕ
НАЕЗДИТЬСЯ	111097-V	ИЗМЕНЕНИЕ АГРЕГАТНОГО СОСТОЯНИЯ
НАЕЗДИТЬСЯ	115579-V	ПОКРЫТЬ РАССТОЯНИЕ
НАЕЗДИТЬСЯ	120372-V	ПРОЕХАТЬ ПУТЬ
НАЕЗДИТЬСЯ	115549-V	ОТОРВАТЬСЯ, ОБОРВАТЬСЯ
НАЕЗДИТЬСЯ	111369-V	ПОРТИТЬ, ДЕЛАТЬ ПЛОХИМ
НАКЛИКАТЬ	110474-V	ВЫЗВАТЬ, ПОРОДИТЬ
НАКЛИКАТЬ	106704-V	МЕШАТЬ, СОЗДАВАТЬ ПРЕПЯТСТВИЕ
НАКЛИКАТЬ	111437-V	ПРЕДОХРАНИТЬ (ЗАРАНЕЕ ОХРАНИТЬ, ОБЕРЕЧЬ)
НАКЛИКАТЬ	139449-V	ОПЕРЕДИТЬ (СДЕЛАТЬ РАНЬШЕ)
НАКЛИКАТЬ	106548-V	ПРИЧИНЕНИЕ ВРЕДА
НАКЛИКАТЬ	126176-V	ОКОЛДОВАТЬ, ЗАКОЛДОВАТЬ
НАКЛИКАТЬ	129715-V	ВВЕРГНУТЬ В СОСТОЯНИЕ
НАКЛИКАТЬ	149898-V	ВЫЗВАТЬ МЫСЛЬ, ЧУВСТВО
НАКЛИКАТЬ	111489-V	ПРИОБРЕСТИ СВОЙСТВО
НАКЛИКАТЬ	154983-V	НАВРЕДИТЬ СЕБЕ
НАКРЕНИТЬ	111066-V	НАКЛОНИТЬСЯ, СКЛОНИТЬСЯ
НАКРЕНИТЬ	111050-V	ГНУТЬ, ИЗОГНУТЬ
НАКРЕНИТЬ	116367-V	ДЕФОРМИРОВАТЬ
НАКРЕНИТЬ	111030-V	ВАЛИТЬ (ЗАСТАВЛЯТЬ ПАДАТЬ)
НАКРЕНИТЬ	111037-V	ПЕРЕВЕРНУТЬ ПРОТИВОПОЛОЖНОЙ СТОРОНОЙ
НАКРЕНИТЬ	106548-V	ПРИЧИНЕНИЕ ВРЕДА
НАКРЕНИТЬ	111493-V	ОСЛАБИТЬ (УМЕНЬШИТЬ СИЛУ)
НАКРЕНИТЬ	118041-V	РАССТРОИТЬ, ВНЕСТИ РАССТРОЙСТВО
НАКРЕНИТЬ	111931-V	ВЫРОВНЯТЬ, СДЕЛАТЬ РОВНЫМ
НАКРЕНИТЬ	111369-V	ПОРТИТЬ, ДЕЛАТЬ ПЛОХИМ
НАЛОВЧИТЬСЯ	106504-V	ПОСТУПОК ЧЕЛОВЕКА
НАЛОВЧИТЬСЯ	129359-V	УМУДРИТЬСЯ, УХИТРИТЬСЯ
НАЛОВЧИТЬСЯ	111038-V	ПОВЕРНУТЬСЯ (ИЗМЕНИТЬ ПОЛОЖЕНИЕ)
НАЛОВЧИТЬСЯ	118369-V	ТРЕНИРОВАТЬ (ОБУЧАЯ УПРАЖНЯТЬ)
НАЛОВЧИТЬСЯ	106673-V	ПРИСПОСОБИТЬСЯ
НАЛОВЧИТЬСЯ	106494-V	ВЫПОЛНИТЬ, ИСПОЛНИТЬ, ОСУЩЕСТВИТЬ
НАЛОВЧИТЬСЯ	123789-V	МОЧЬ, ИМЕТЬ ВОЗМОЖНОСТЬ
НАЛОВЧИТЬСЯ	106504-V	ПОСТУПОК ЧЕЛОВЕКА
НАЛОВЧИТЬСЯ	120570-V	ЗАДУМАТЬ, ЗАМЫСЛИТЬ
НАЛОВЧИТЬСЯ	106676-V	ОСВОИТЬСЯ, ПРИВЫКНУТЬ
НАНЮХАТЬСЯ	115824-V	ВДОХНУТЬ, СДЕЛАТЬ ВДОХ
НАНЮХАТЬСЯ	115824-V	ВДОХНУТЬ, СДЕЛАТЬ ВДОХ
НАНЮХАТЬСЯ	115824-V	ВДОХНУТЬ, СДЕЛАТЬ ВДОХ
НАНЮХАТЬСЯ	7786-V	ОПЬЯНЕНИЕ
НАНЮХАТЬСЯ	106933-V	ГЛОТАТЬ ВНУТРЬ СЕБЯ
НАНЮХАТЬСЯ	114103-V	ИЗДАВАТЬ, ИСПУСКАТЬ
НАНЮХАТЬСЯ	112003-V	БРЫЗГАТЬ, РАЗБРАСЫВАТЬ БРЫЗГИ
НАНЮХАТЬСЯ	117709-V	ПИТЬ СПИРТНОЕ
НАНЮХАТЬСЯ	112004-V	РАЗБРОСАТЬ, РАСШВЫРЯТЬ
НАСИЖИВАТЬ	116173-V	ОТЛОЖИТЬ ЯЙЦА, ЛИЧИНКИ
НАСИЖИВАТЬ	142948-V	ВОДИТЬСЯ (ОБИТАТЬ)
НАСИЖИВАТЬ	121390-V	ВЫЩИПАТЬ (ВЫРВАТЬ)
НАСИЖИВАТЬ	115010-V	РОДИТЬСЯ НА СВЕТ
НАСИЖИВАТЬ	129188-V	РАЗВЕСТИ, РАСПЛОДИТЬ
НАСИЖИВАТЬ	107104-V	КРИЧАТЬ, ИЗДАВАТЬ КРИК
НАСИЖИВАТЬ	115854-V	ПОДОЗВАТЬ
НАСИЖИВАТЬ	112339-V	ПРИДРАТЬСЯ
НАСИЖИВАТЬ	115102-V	МУЧИТЬ
НАСИЖИВАТЬ	114187-V	РАСТИТЬ, ВЫРАЩИВАТЬ
НЕВОЛИТЬ	117047-V	ПРЕНЕБРЕЧЬ, ОТНЕСТИСЬ БЕЗ ВНИМАНИЯ
НЕВОЛИТЬ	107190-V	РУГАТЬ
НЕВОЛИТЬ	110479-V	ПРИЧИНИТЬ
НЕВОЛИТЬ	106473-V	ОБУСЛАВЛИВАТЬ, СПОСОБСТВОВАТЬ
НЕВОЛИТЬ	106535-V	СКЛОНИТЬ, ПОБУДИТЬ
НЕВОЛИТЬ	110478-V	ОГОРЧИТЬ, РАССТРОИТЬ
НЕВОЛИТЬ	111260-V	ПЛОХОЙ ПОСТУПОК
НЕВОЛИТЬ	116101-V	НАСИЛИЕ (ПРИНУДИТЕЛЬНОЕ ВОЗДЕЙСТВИЕ)
НЕВОЛИТЬ	124429-V	РАЗВРАТИТЬ, МОРАЛЬНО РАЗЛОЖИТЬ
НЕВОЛИТЬ	130186-V	ВСТРЕТИТЬ, УСТРОИТЬ ВСТРЕЧУ
ОБАГРИТЬ	111369-V	ПОРТИТЬ, ДЕЛАТЬ ПЛОХИМ
ОБАГРИТЬ	107416-V	РВАТЬ, РАЗОРВАТЬ НА ЧАСТИ
ОБАГРИТЬ	115208-V	ОСКОРБИТЬ
ОБАГРИТЬ	133925-V	ПОРТИТЬ РЕПУТАЦИЮ
ОБАГРИТЬ	107404-V	УДАРИТЬ, НАНЕСТИ УДАР
ОБАГРИТЬ	106483-V	УНИЧТОЖИТЬ, ПРЕКРАТИТЬ СУЩЕСТВОВАНИЕ
ОБАГРИТЬ	106548-V	ПРИЧИНЕНИЕ ВРЕДА
ОБАГРИТЬ	107412-V	РЕЗАТЬ, ПОРЕЗАТЬ
ОБАГРИТЬ	111852-V	ПРОТКНУТЬ ОТВЕРСТИЕ
ОБАГРИТЬ	109232-V	ЛИТЬСЯ, ТЕЧЬ СТРУЕЙ
ОБЕЗЖЕЛЕЗИТЬ	106950-V	ПРЕВРАТИТЬ (ПРИДАТЬ ИНОЙ ВИД, КАЧЕСТВО)
ОБЕЗЖЕЛЕЗИТЬ	150138-V	ИЗВЛЕЧЬ ОБРАБОТКОЙ
ОБЕЗЖЕЛЕЗИТЬ	111050-V	ГНУТЬ, ИЗОГНУТЬ
ОБЕЗЖЕЛЕЗИТЬ	116661-V	ВДАВИТЬ ВНУТРЬ
ОБЕЗЖЕЛЕЗИТЬ	107417-V	ОТДЕЛИТЬ ЧАСТЬ ОТ ЦЕЛОГО
ОБЕЗЖЕЛЕЗИТЬ	124516-V	СЛОЖИТЬ (ПЕРЕГНУТЬ)
ОБЕЗЖЕЛЕЗИТЬ	107325-V	ПОКРЫТЬ ПОВЕРХНОСТЬ
ОБЕЗЖЕЛЕЗИТЬ	106494-V	ВЫПОЛНИТЬ, ИСПОЛНИТЬ, ОСУЩЕСТВИТЬ
ОБЕЗЖЕЛЕЗИТЬ	145128-V	ПЕРЕСМОТР СУДЕБНЫХ РЕШЕНИЙ
ОБЕЗЖЕЛЕЗИТЬ	111104-V	ОХЛАДИТЬ, УМЕНЬШИТЬ ТЕМПЕРАТУРУ
ОБЕЗЬЯННИЧАТЬ	107140-V	ЛЬСТИТЬ, ХВАЛИТЬ ИЗ ЛЕСТИ
ОБЕЗЬЯННИЧАТЬ	117968-V	ВОЗОМНИТЬ СЕБЯ
ОБЕЗЬЯННИЧАТЬ	110447-V	ВОСПРОИЗВЕСТИ (ВОССОЗДАТЬ, ПОВТОРИТЬ В КОПИИ)
ОБЕЗЬЯННИЧАТЬ	115256-V	ШУТИТЬ, ОТПУСКАТЬ ШУТКИ
ОБЕЗЬЯННИЧАТЬ	126523-V	КРИВЛЯТЬСЯ, ЛОМАТЬСЯ
ОБЕЗЬЯННИЧАТЬ	114426-V	СОПРОТИВЛЯТЬСЯ
ОБЕЗЬЯННИЧАТЬ	119293-V	УПОРСТВОВАТЬ
ОБЕЗЬЯННИЧАТЬ	112044-V	ПОДРАЖАТЬ
ОБЕЗЬЯННИЧАТЬ	117335-V	ДРАЗНИТЬ (ЗЛИТЬ)
ОБЕЗЬЯННИЧАТЬ	117968-V	ВОЗОМНИТЬ СЕБЯ
ОБКОЛОТЬ	111963-V	КАСАТЬСЯ, ДОТРАГИВАТЬСЯ
ОБКОЛОТЬ	110237-V	БОЛЬ, БОЛЕВОЕ ОЩУЩЕНИЕ
ОБКОЛОТЬ	114568-V	ВПРЫСНУТЬ
ОБКОЛОТЬ	117067-V	ВКОЛОТЬ (ВСТАВИТЬ)
ОБКОЛОТЬ	114805-V	ВОТКНУТЬ (ЗАСТАВИТЬ ВОЙТИ)
ОБКОЛОТЬ	125754-V	ВОНЗИТЬ (ВОТКНУТЬ ОСТРИЕМ)
ОБКОЛОТЬ	115889-V	УЯЗВИТЬ
ОБКОЛОТЬ	127537-V	ЕХИДНИЧАТЬ, ЯЗВИТЬ
ОБКОЛОТЬ	111386-V	УБИТЬ, ЛИШИТЬ ЖИЗНИ
ОБКОЛОТЬ	111853-V	ПРОДЕЛАТЬ ОТВЕРСТИЕ
ОБОЖЕСТВИТЬ	117722-V	ЛЮБИТЬ, ИСПЫТЫВАТЬ ЛЮБОВЬ
ОБОЖЕСТВИТЬ	118494-V	ПРЕКЛОНЯТЬСЯ
ОБОЖЕСТВИТЬ	5390-V	ХИРУРГИЧЕСКАЯ ОПЕРАЦИЯ
ОБОЖЕСТВИТЬ	106884-V	СЧИТАТЬ, ПРИЗНАВАТЬ КЕМ-ЛИБО
ОБОЖЕСТВИТЬ	112538-V	УПОДОБИТЬ, ПРИРАВНЯТЬ
ОБОЖЕСТВИТЬ	106784-V	ПЕРЕЛОМ, ПЕРЕЛОМНЫЙ ЭТАП
ОБОЖЕСТВИТЬ	153522-V	СМЕНА ВЛАСТИ
ОБОЖЕСТВИТЬ	116390-V	ИСКАЗИТЬ, ПРЕДСТАВИТЬ В ЛОЖНОМ СВЕТЕ
ОБОЖЕСТВИТЬ	117246-V	ВОСХВАЛЯТЬ
ОБОЖЕСТВИТЬ	125687-V	ВОЗВЫСИТЬ, ПОВЫСИТЬ В СТАТУСЕ
ОБСАДИТЬ	106501-V	ЗАНЯТИЕ, ДЕЯТЕЛЬНОСТЬ
ОБСАДИТЬ	115193-V	ОКРУЖИТЬ, ЗАКЛЮЧИТЬ В КРУГ
ОБСАДИТЬ	114805-V	ВОТКНУТЬ (ЗАСТАВИТЬ ВОЙТИ)
ОБСАДИТЬ	112737-V	ЗАНЯТЬ ВСЕ ПРОСТРАНСТВО
ОБСАДИТЬ	106501-V	ЗАНЯТИЕ, ДЕЯТЕЛЬНОСТЬ
ОБСАДИТЬ	107325-V	ПОКРЫТЬ ПОВЕРХНОСТЬ
ОБСАДИТЬ	112813-V	ПОСАДКА РАСТЕНИЙ
ОБСАДИТЬ	4661-V	ОЗДОРОВЛЕНИЕ ПРИРОДЫ
ОБСАДИТЬ	107326-V	КЛАСТЬ НА ПОВЕРХНОСТЬ
ОБСАДИТЬ	116677-V	ЗАКЛЮЧИТЬ (ПОМЕСТИТЬ)
ОБУГЛИТЬ	110426-V	ЧЕРНЕТЬ, СТАНОВИТЬСЯ ЧЕРНЫМ
ОБУГЛИТЬ	113413-V	ГОРЕТЬ, СГОРАТЬ
ОБУГЛИТЬ	111050-V	ГНУТЬ, ИЗОГНУТЬ
ОБУГЛИТЬ	116661-V	ВДАВИТЬ ВНУТРЬ
ОБУГЛИТЬ	107417-V	ОТДЕЛИТЬ ЧАСТЬ ОТ ЦЕЛОГО
ОБУГЛИТЬ	106494-V	ВЫПОЛНИТЬ, ИСПОЛНИТЬ, ОСУЩЕСТВИТЬ
ОБУГЛИТЬ	145128-V	ПЕРЕСМОТР СУДЕБНЫХ РЕШЕНИЙ
ОБУГЛИТЬ	923-V	МЕХАНИЗАЦИЯ
ОБУГЛИТЬ	113780-V	ПОКРЫТЬСЯ НА ПОВЕРХНОСТИ
ОБУГЛИТЬ	127484-V	ПЕРЕДЕРЖАТЬ (ПРОДЕРЖАТЬ СЛИШКОМ ДОЛГО)
ОГРУБЕТЬ	106629-V	ИЗМЕНИТЬСЯ, ИЗМЕНЕНИЕ
ОГРУБЕТЬ	132813-V	МЯКНУТЬ (ДЕЛАТЬСЯ МЯГКИМ, ПОДАТЛИВЫМ)
ОГРУБЕТЬ	106637-V	УМЕНЬШИТЬСЯ
ОГРУБЕТЬ	116160-V	ВЫРОВНЯТЬСЯ (СТАТЬ РОВНЫМ)
ОГРУБЕТЬ	119625-V	СЛАБЕТЬ, ТЕРЯТЬ СИЛУ
ОГРУБЕТЬ	106633-V	УХУДШЕНИЕ
ОГРУБЕТЬ	130453-V	ГИБЕЛЬ (ПРЕКРАЩЕНИЕ СУЩЕСТВОВАНИЯ)
ОГРУБЕТЬ	111109-V	ТВЕРДЕТЬ, ЗАТВЕРДЕТЬ
ОГРУБЕТЬ	118530-V	ЗАМЕРЕТЬ, ЗАСТЫТЬ
ОГРУБЕТЬ	130825-V	НЕМЕТЬ, ЗАНЕМЕТЬ
ОДУХОТВОРИТЬ	121499-V	АКТИВИЗИРОВАТЬ
ОДУХОТВОРИТЬ	118574-V	ВНУШИТЬ МЫСЛЬ, ЧУВСТВО
ОДУХОТВОРИТЬ	106632-V	УЛУЧШИТЬ
ОДУХОТВОРИТЬ	111369-V	ПОРТИТЬ, ДЕЛАТЬ ПЛОХИМ
ОДУХОТВОРИТЬ	130806-V	РАЗЛОЖИТЬ (ДЕЗОРГАНИЗОВАТЬ, ДЕМОРАЛИЗОВАТЬ)
ОДУХОТВОРИТЬ	106844-V	ВИДОИЗМЕНИТЬ
ОДУХОТВОРИТЬ	116390-V	ИСКАЗИТЬ, ПРЕДСТАВИТЬ В ЛОЖНОМ СВЕТЕ
ОДУХОТВОРИТЬ	141697-V	ПРЕДСТАВИТЬ В ВИДЕ
ОДУХОТВОРИТЬ	106631-V	ИЗМЕНИТЬ, СДЕЛАТЬ ИНЫМ
ОДУХОТВОРИТЬ	111435-V	НАСЫТИТЬ (НАПОЛНИТЬ В БОЛЬШОМ КОЛИЧЕСТВЕ)
ОКАТЬ	111050-V	ГНУТЬ, ИЗОГНУТЬ
ОКАТЬ	116661-V	ВДАВИТЬ ВНУТРЬ
ОКАТЬ	115102-V	МУЧИТЬ
ОКАТЬ	124267-V	УКУСИТЬ, ПОКУСАТЬ
ОКАТЬ	111875-V	ОБДАТЬ СО ВСЕХ СТОРОН
ОКАТЬ	107404-V	УДАРИТЬ, НАНЕСТИ УДАР
ОКАТЬ	107094-V	ПРОИЗНЕСТИ, ВЫГОВОРИТЬ, ПРОГОВОРИТЬ
ОКАТЬ	110478-V	ОГОРЧИТЬ, РАССТРОИТЬ
ОКАТЬ	116240-V	ОБЕСКУРАЖИТЬ
ОКАТЬ	113780-V	ПОКРЫТЬСЯ НА ПОВЕРХНОСТИ
ОКРОВАВИТЬ	106501-V	ЗАНЯТИЕ, ДЕЯТЕЛЬНОСТЬ
ОКРОВАВИТЬ	112355-V	ЗАСЫПАТЬ ДОВЕРХУ
ОКРОВАВИТЬ	114041-V	ПРОФИЛАКТИКА
ОКРОВАВИТЬ	115570-V	ОБОГАЩЕНИЕ МАТЕРИАЛА, ПРОДУКТА
ОКРОВАВИТЬ	107325-V	ПОКРЫТЬ ПОВЕРХНОСТЬ
ОКРОВАВИТЬ	111050-V	ГНУТЬ, ИЗОГНУТЬ
ОКРОВАВИТЬ	116661-V	ВДАВИТЬ ВНУТРЬ
ОКРОВАВИТЬ	110821-V	ОТКОЛОТЬ КУСОК
ОКРОВАВИТЬ	111979-V	ПОРТИТЬСЯ (УХУДШАТЬСЯ)
ОКРОВАВИТЬ	115915-V	СОЗРЕВАНИЕ ПЛОДОВ
ОПЛАВИТЬСЯ	111097-V	ИЗМЕНЕНИЕ АГРЕГАТНОГО СОСТОЯНИЯ
ОПЛАВИТЬСЯ	110426-V	ЧЕРНЕТЬ, СТАНОВИТЬСЯ ЧЕРНЫМ
ОПЛАВИТЬСЯ	113413-V	ГОРЕТЬ, СГОРАТЬ
ОПЛАВИТЬСЯ	107441-V	НАЧАТЬ, ПРИСТУПИТЬ, ПРИНЯТЬСЯ
ОПЛАВИТЬСЯ	113413-V	ГОРЕТЬ, СГОРАТЬ
ОПЛАВИТЬСЯ	106629-V	ИЗМЕНИТЬСЯ, ИЗМЕНЕНИЕ
ОПЛАВИТЬСЯ	113413-V	ГОРЕТЬ, СГОРАТЬ
ОПЛАВИТЬСЯ	133624-V	ПЕРЕЛОМИТЬСЯ, РАЗЛОМИТЬСЯ
ОПЛАВИТЬСЯ	111979-V	ПОРТИТЬСЯ (УХУДШАТЬСЯ)
ОПЛАВИТЬСЯ	113413-V	ГОРЕТЬ, СГОРАТЬ
ОПОХМЕЛИТЬСЯ	117709-V	ПИТЬ СПИРТНОЕ
ОПОХМЕЛИТЬСЯ	118667-V	УДОВЛЕТВОРИТЬСЯ
ОПОХМЕЛИТЬСЯ	128299-V	ПРИЙТИ В ЧУВСТВО
ОПОХМЕЛИТЬСЯ	119990-V	ПРОТРЕЗВИТЬСЯ
ОПОХМЕЛИТЬСЯ	129356-V	УМНЕТЬ, СТАНОВИТЬСЯ УМНЕЕ
ОПОХМЕЛИТЬСЯ	106933-V	ГЛОТАТЬ ВНУТРЬ СЕБЯ
ОПОХМЕЛИТЬСЯ	141196-V	ДЕГРАДАЦИЯ ЛИЧНОСТИ
ОПОХМЕЛИТЬСЯ	106934-V	ЕСТЬ, ПРИНИМАТЬ ПИЩУ
ОПОХМЕЛИТЬСЯ	120076-V	ВЕСЕЛИТЬСЯ
ОПОХМЕЛИТЬСЯ	7786-V	ОПЬЯНЕНИЕ
ОРОГОВЕТЬ	118992-V	ХУДЕТЬ, ПОХУДЕТЬ
ОРОГОВЕТЬ	106793-V	ИСПУГ
ОРОГОВЕТЬ	118531-V	ЦЕПЕНЕТЬ, СТОЛБЕНЕТЬ
ОРОГОВЕТЬ	111097-V	ИЗМЕНЕНИЕ АГРЕГАТНОГО СОСТОЯНИЯ
ОРОГОВЕТЬ	112155-V	ИСЧЕЗНУТЬ (ПЕРЕСТАТЬ СУЩЕСТВОВАТЬ)
ОРОГОВЕТЬ	1221-V	ПРОИЗВОДСТВО ПРОДУКЦИИ
ОРОГОВЕТЬ	135156-V	ПРОМЫСЕЛ (САМОЗАНЯТОСТЬ)
ОРОГОВЕТЬ	114189-V	ЖИТЬ (СУЩЕСТВОВАТЬ)
ОРОГОВЕТЬ	132850-V	НАМЕРЗНУТЬ НА ПОВЕРХНОСТИ
ОРОГОВЕТЬ	116440-V	ТРЕСНУТЬ, ДАТЬ ТРЕЩИНУ
ОСЛЫШАТЬСЯ	106793-V	ИСПУГ
ОСЛЫШАТЬСЯ	118531-V	ЦЕПЕНЕТЬ, СТОЛБЕНЕТЬ
ОСЛЫШАТЬСЯ	119084-V	ИСКРИВИТЬСЯ, ПЕРЕКОСИТЬСЯ
ОСЛЫШАТЬСЯ	111979-V	ПОРТИТЬСЯ (УХУДШАТЬСЯ)
ОСЛЫШАТЬСЯ	115915-V	СОЗРЕВАНИЕ ПЛОДОВ
ОСЛЫШАТЬСЯ	115900-V	ПРИТВОРИТЬСЯ, ПРИКИНУТЬСЯ
ОСЛЫШАТЬСЯ	111104-V	ОХЛАДИТЬ, УМЕНЬШИТЬ ТЕМПЕРАТУРУ
ОСЛЫШАТЬСЯ	118420-V	ПЕРЕСТАВИТЬ НА ДРУГОЕ МЕСТО
ОСЛЫШАТЬСЯ	131929-V	ХОД В ИГРЕ
ОСЛЫШАТЬСЯ	106697-V	УБЕДИТЬСЯ
ОТГРЫЗТЬ	107417-V	ОТДЕЛИТЬ ЧАСТЬ ОТ ЦЕЛОГО
ОТГРЫЗТЬ	111888-V	КУСАТЬ ЗУБАМИ
ОТГРЫЗТЬ	113619-V	ПЕРЕКУСИТЬ, РАСКУСИТЬ
ОТГРЫЗТЬ	115593-V	ХВАТАТЬ, СХВАТИТЬ
ОТГРЫЗТЬ	115072-V	ЗАХВАТИТЬ, ЗАВЛАДЕТЬ
ОТГРЫЗТЬ	134709-V	САМОВОЛЬНОЕ ДЕЙСТВИЕ
ОТГРЫЗТЬ	647-V	ПРАВОНАРУШЕНИЕ
ОТГРЫЗТЬ	107417-V	ОТДЕЛИТЬ ЧАСТЬ ОТ ЦЕЛОГО
ОТГРЫЗТЬ	118570-V	ПРИЧИНИТЬ БОЛЬ
ОТГРЫЗТЬ	111888-V	КУСАТЬ ЗУБАМИ
ОТКАШЛЯТЬСЯ	107093-V	ИЗДАТЬ ЗВУК
ОТКАШЛЯТЬСЯ	115826-V	ВЫДОХНУТЬ
ОТКАШЛЯТЬСЯ	116668-V	КАШЕЛЬ
ОТКАШЛЯТЬСЯ	115221-V	ВОБРАТЬ В СЕБЯ
ОТКАШЛЯТЬСЯ	107093-V	ИЗДАТЬ ЗВУК
ОТКАШЛЯТЬСЯ	115314-V	ДОХНУТЬ (УМИРАТЬ)
ОТКАШЛЯТЬСЯ	107093-V	ИЗДАТЬ ЗВУК
ОТКАШЛЯТЬСЯ	127193-V	ОПУСТЕТЬ, СТАТЬ ПУСТЫМ
ОТКАШЛЯТЬСЯ	1489-V	ОТДЫХ
ОТКАШЛЯТЬСЯ	106915-V	ОЩУЩАТЬ, ВОСПРИНИМАТЬ
ОТПОЛЗТИ	111045-V	УДАЛИТЬСЯ НА НЕКОТОРОЕ РАССТОЯНИЕ
ОТПОЛЗТИ	115522-V	ДОБРАТЬСЯ ДО МЕСТА
ОТПОЛЗТИ	115522-V	ДОБРАТЬСЯ ДО МЕСТА
ОТПОЛЗТИ	111045-V	УДАЛИТЬСЯ НА НЕКОТОРОЕ РАССТОЯНИЕ
ОТПОЛЗТИ	111045-V	УДАЛИТЬСЯ НА НЕКОТОРОЕ РАССТОЯНИЕ
ОТПОЛЗТИ	115136-V	ОТПРАВИТЬСЯ В ПУТЬ
ОТПОЛЗТИ	115803-V	УДАРИТЬСЯ, СТУКНУТЬСЯ
ОТПОЛЗТИ	115980-V	УЛЕТЕТЬ (УДАЛИТЬСЯ)
ОТПОЛЗТИ	111045-V	УДАЛИТЬСЯ НА НЕКОТОРОЕ РАССТОЯНИЕ
ОТПОЛЗТИ	111045-V	УДАЛИТЬСЯ НА НЕКОТОРОЕ РАССТОЯНИЕ
ОТРЕКОНСТРУИРОВАТЬ	144001-V	ВОЗВРАТ ИМУЩЕСТВА, СРЕДСТВ
ОТРЕКОНСТРУИРОВАТЬ	149549-V	РАСПОЛАГАТЬ, ИМЕТЬ В СВОЕМ РАСПОРЯЖЕНИИ
ОТРЕКОНСТРУИРОВАТЬ	570-V	ПРИВАТИЗАЦИЯ
ОТРЕКОНСТРУИРОВАТЬ	106494-V	ВЫПОЛНИТЬ, ИСПОЛНИТЬ, ОСУЩЕСТВИТЬ
ОТРЕКОНСТРУИРОВАТЬ	145128-V	ПЕРЕСМОТР СУДЕБНЫХ РЕШЕНИЙ
ОТРЕКОНСТРУИРОВАТЬ	106501-V	ЗАНЯТИЕ, ДЕЯТЕЛЬНОСТЬ
ОТРЕКОНСТРУИРОВАТЬ	141402-V	ПЕРЕПРОФИЛИРОВАНИЕ (ПЕРЕОРИЕНТАЦИЯ ДЕЯТЕЛЬНОСТИ)
ОТРЕКОНСТРУИРОВАТЬ	7237-V	УПРАВЛЕНЧЕСКАЯ ДЕЯТЕЛЬНОСТЬ
ОТРЕКОНСТРУИРОВАТЬ	111050-V	ГНУТЬ, ИЗОГНУТЬ
ОТРЕКОНСТРУИРОВАТЬ	116661-V	ВДАВИТЬ ВНУТРЬ
ОТСЫРЕТЬ	106629-V	ИЗМЕНИТЬСЯ, ИЗМЕНЕНИЕ
ОТСЫРЕТЬ	116440-V	ТРЕСНУТЬ, ДАТЬ ТРЕЩИНУ
ОТСЫРЕТЬ	111979-V	ПОРТИТЬСЯ (УХУДШАТЬСЯ)
ОТСЫРЕТЬ	106629-V	ИЗМЕНИТЬСЯ, ИЗМЕНЕНИЕ
ОТСЫРЕТЬ	110426-V	ЧЕРНЕТЬ, СТАНОВИТЬСЯ ЧЕРНЫМ
ОТСЫРЕТЬ	113413-V	ГОРЕТЬ, СГОРАТЬ
ОТСЫРЕТЬ	107250-V	ВОНЯТЬ
ОТСЫРЕТЬ	111980-V	ГНИЕНИЕ
ОТСЫРЕТЬ	106639-V	УВЕЛИЧИТЬСЯ
ОТСЫРЕТЬ	120045-V	ПОВРЕДИТЬСЯ, ПРИЙТИ В НЕИСПРАВНОСТЬ
ОТЦВЕСТИ	113780-V	ПОКРЫТЬСЯ НА ПОВЕРХНОСТИ
ОТЦВЕСТИ	115161-V	РАСПУСКАНИЕ ПОЧЕК
ОТЦВЕСТИ	114087-V	ЗАРАСТИ РАСТИТЕЛЬНОСТЬЮ
ОТЦВЕСТИ	106633-V	УХУДШЕНИЕ
ОТЦВЕСТИ	130453-V	ГИБЕЛЬ (ПРЕКРАЩЕНИЕ СУЩЕСТВОВАНИЯ)
ОТЦВЕСТИ	106629-V	ИЗМЕНИТЬСЯ, ИЗМЕНЕНИЕ
ОТЦВЕСТИ	116189-V	ПРОРЕЗАТЬСЯ НАРУЖУ
ОТЦВЕСТИ	106588-V	РАЗВИТИЕ
ОТЦВЕСТИ	125859-V	ФОРМИРОВАТЬСЯ, СЛАГАТЬСЯ (ПРИОБРЕТАТЬ ЗАКОНЧЕННОСТЬ )
ОТЦВЕСТИ	127049-V	НАГЛЕТЬ, ОБНАГЛЕТЬ
ОТЯГЧАТЬ	106494-V	ВЫПОЛНИТЬ, ИСПОЛНИТЬ, ОСУЩЕСТВИТЬ
ОТЯГЧАТЬ	145128-V	ПЕРЕСМОТР СУДЕБНЫХ РЕШЕНИЙ
ОТЯГЧАТЬ	106631-V	ИЗМЕНИТЬ, СДЕЛАТЬ ИНЫМ
ОТЯГЧАТЬ	106501-V	ЗАНЯТИЕ, ДЕЯТЕЛЬНОСТЬ
ОТЯГЧАТЬ	7237-V	УПРАВЛЕНЧЕСКАЯ ДЕЯТЕЛЬНОСТЬ
ОТЯГЧАТЬ	111104-V	ОХЛАДИТЬ, УМЕНЬШИТЬ ТЕМПЕРАТУРУ
ОТЯГЧАТЬ	106501-V	ЗАНЯТИЕ, ДЕЯТЕЛЬНОСТЬ
ОТЯГЧАТЬ	119084-V	ИСКРИВИТЬСЯ, ПЕРЕКОСИТЬСЯ
ОТЯГЧАТЬ	118992-V	ХУДЕТЬ, ПОХУДЕТЬ
ОТЯГЧАТЬ	107417-V	ОТДЕЛИТЬ ЧАСТЬ ОТ ЦЕЛОГО
ОЧЕЛОВЕЧИВАТЬ	116390-V	ИСКАЗИТЬ, ПРЕДСТАВИТЬ В ЛОЖНОМ СВЕТЕ
ОЧЕЛОВЕЧИВАТЬ	106674-V	ПРИСПОСОБИТЬ
ОЧЕЛОВЕЧИВАТЬ	141697-V	ПРЕДСТАВИТЬ В ВИДЕ
ОЧЕЛОВЕЧИВАТЬ	117722-V	ЛЮБИТЬ, ИСПЫТЫВАТЬ ЛЮБОВЬ
ОЧЕЛОВЕЧИВАТЬ	118494-V	ПРЕКЛОНЯТЬСЯ
ОЧЕЛОВЕЧИВАТЬ	116752-V	ИДЕАЛИЗАЦИЯ ДЕЙСТВИТЕЛЬНОСТИ
ОЧЕЛОВЕЧИВАТЬ	5390-V	ХИРУРГИЧЕСКАЯ ОПЕРАЦИЯ
ОЧЕЛОВЕЧИВАТЬ	116115-V	ПРЕУВЕЛИЧИТЬ
ОЧЕЛОВЕЧИВАТЬ	116751-V	ПРИУКРАСИТЬ, ВЫГОДНО ПРЕДСТАВИТЬ
ОЧЕЛОВЕЧИВАТЬ	114819-V	ПРИУЧИТЬ
ОЩЕНИТЬСЯ	115548-V	ОТДЕЛИТЬСЯ ОТ ЦЕЛОГО
ОЩЕНИТЬСЯ	125803-V	ВЫЕХАТЬ, ВЫСЕЛИТЬСЯ
ОЩЕНИТЬСЯ	153087-V	УТРАТИТЬ СПОСОБНОСТЬ, УМЕНИЕ
ОЩЕНИТЬСЯ	125647-V	УСТАНОВИТЬСЯ (НАСТУПИТЬ)
ОЩЕНИТЬСЯ	111994-V	ДЕЛИТЬСЯ НА ЧАСТИ
ОЩЕНИТЬСЯ	118380-V	РАЗРУШИТЬСЯ ФИЗИЧЕСКИ
ОЩЕНИТЬСЯ	119903-V	ЛОМАТЬСЯ НА ЧАСТИ
ОЩЕНИТЬСЯ	116668-V	КАШЕЛЬ
ОЩЕНИТЬСЯ	110416-V	ИЗМЕНЯТЬСЯ В ЦВЕТЕ
ОЩЕНИТЬСЯ	107214-V	СКАНДАЛ, ССОРА
ПАНИРОВАТЬ	109109-V	ПРИГОТОВЛЕНИЕ ПИЩИ
ПАНИРОВАТЬ	111101-V	НАГРЕТЬСЯ
ПАНИРОВАТЬ	109109-V	ПРИГОТОВЛЕНИЕ ПИЩИ
ПАНИРОВАТЬ	111101-V	НАГРЕТЬСЯ
ПАНИРОВАТЬ	107325-V	ПОКРЫТЬ ПОВЕРХНОСТЬ
ПАНИРОВАТЬ	123389-V	КАТАТЬ ПО ПОВЕРХНОСТИ
ПАНИРОВАТЬ	123757-V	ВАЛЯТЬ С БОКУ НА БОК
ПАНИРОВАТЬ	109115-V	ЖАРКА ПИЩИ
ПАНИРОВАТЬ	109109-V	ПРИГОТОВЛЕНИЕ ПИЩИ
ПАНИРОВАТЬ	111436-V	ПРОПИТАТЬ (НАСЫТИТЬ)
ПЕЛЕНАТЬ	111862-V	КОРМИТЬ, ДАВАТЬ ЕДУ
ПЕЛЕНАТЬ	125836-V	ВЫКОРМИТЬ (ВЫРАСТИТЬ)
ПЕЛЕНАТЬ	116265-V	УКАЧИВАНИЕ ПЕРЕД СНОМ
ПЕЛЕНАТЬ	118657-V	НАПЕВАТЬ ПЕСНЮ
ПЕЛЕНАТЬ	106565-V	САМОЧУВСТВИЕ
ПЕЛЕНАТЬ	106665-V	НАРУШИТЬ СОСТОЯНИЕ, ХОД
ПЕЛЕНАТЬ	3406-V	ПОВРЕЖДЕНИЕ ЗДОРОВЬЯ
ПЕЛЕНАТЬ	115316-V	УСЫПИТЬ, ПОГРУЗИТЬ В СОН
ПЕЛЕНАТЬ	145895-V	КОРМЛЕНИЕ МЛАДЕНЦА
ПЕЛЕНАТЬ	109445-V	УКРЫТЬ (НАКРЫТЬ)
ПЕРЕДАВИТЬ	111386-V	УБИТЬ, ЛИШИТЬ ЖИЗНИ
ПЕРЕДАВИТЬ	113695-V	КАЛЕЧИТЬ, УВЕЧИТЬ
ПЕРЕДАВИТЬ	127172-V	СБИТЬ ВНИЗ
ПЕРЕДАВИТЬ	111386-V	УБИТЬ, ЛИШИТЬ ЖИЗНИ
ПЕРЕДАВИТЬ	115535-V	НАДАВИТЬ, НАЖАТЬ
ПЕРЕДАВИТЬ	106817-V	ПРИНУДИТЬ, ЗАСТАВИТЬ
ПЕРЕДАВИТЬ	116506-V	ПРИТЕСНИТЬ
ПЕРЕДАВИТЬ	110916-V	ИЗВЛЕЧЬ, ДОСТАТЬ
ПЕРЕДАВИТЬ	114599-V	УТОМИТЬ
ПЕРЕДАВИТЬ	118663-V	ИСТОЩИТЬ (КРАЙНЕ ОСЛАБИТЬ)
ПЕРЕЖИМАТЬ	111192-V	ДАВИТЬ, ЖАТЬ
ПЕРЕЖИМАТЬ	106819-V	СОКРАТИТЬ, УМЕНЬШИТЬ В КОЛИЧЕСТВЕ
ПЕРЕЖИМАТЬ	116419-V	ЗАТЯНУТЬ (ЗАВЯЗАТЬ)
ПЕРЕЖИМАТЬ	111586-V	РАЗЛОЖИТЬ ПО ПОВЕРХНОСТИ
ПЕРЕЖИМАТЬ	119152-V	НАТЯНУТЬ (ВЫТЯГИВАЯ ТУГО ЗАКРЕПИТЬ)
ПЕРЕЖИМАТЬ	130131-V	ВЫТЯНУТЬ В ДЛИНУ
ПЕРЕЖИМАТЬ	111465-V	СВЯЗАТЬ (ЗАВЯЗЫВАЯ, СОЕДИНИТЬ)
ПЕРЕЖИМАТЬ	116418-V	ЗАВЯЗАТЬ (ЗАКРЕПИТЬ)
ПЕРЕЖИМАТЬ	110807-V	ПРИВИНТИТЬ
ПЕРЕЖИМАТЬ	111048-V	ВИНТИТЬ, ПОВОРАЧИВАТЬ ВИНТ
ПЕРЕКОВАТЬ	106495-V	ИЗГОТОВИТЬ, ВЫРАБОТАТЬ
ПЕРЕКОВАТЬ	111844-V	КОВКА
ПЕРЕКОВАТЬ	126461-V	НАБИТЬ (НАСАДИТЬ)
ПЕРЕКОВАТЬ	111100-V	ПЛАВИТЬ
ПЕРЕКОВАТЬ	4910-V	ВТОРИЧНАЯ ПЕРЕРАБОТКА
ПЕРЕКОВАТЬ	118370-V	УЧИТЬ, ОБУЧАТЬ
ПЕРЕКОВАТЬ	111370-V	ПОВРЕДИТЬ
ПЕРЕКОВАТЬ	114372-V	ОТНЯТЬ, ЛИШИТЬ
ПЕРЕКОВАТЬ	120319-V	ЗАБРАТЬ (ВЗЯТЬ, ЗАХВАТИТЬ)
ПЕРЕКОВАТЬ	128431-V	ОБЕЗВРЕДИТЬ
ПЕРЕЛИЦЕВАТЬ	111861-V	РАСКРОЙ ТКАНИ
ПЕРЕЛИЦЕВАТЬ	106785-V	ПРЕОБРАЗОВАТЬ, ПЕРЕДЕЛАТЬ
ПЕРЕЛИЦЕВАТЬ	106844-V	ВИДОИЗМЕНИТЬ
ПЕРЕЛИЦЕВАТЬ	116390-V	ИСКАЗИТЬ, ПРЕДСТАВИТЬ В ЛОЖНОМ СВЕТЕ
ПЕРЕЛИЦЕВАТЬ	106495-V	ИЗГОТОВИТЬ, ВЫРАБОТАТЬ
ПЕРЕЛИЦЕВАТЬ	107412-V	РЕЗАТЬ, ПОРЕЗАТЬ
ПЕРЕЛИЦЕВАТЬ	111050-V	ГНУТЬ, ИЗОГНУТЬ
ПЕРЕЛИЦЕВАТЬ	116367-V	ДЕФОРМИРОВАТЬ
ПЕРЕЛИЦЕВАТЬ	106631-V	ИЗМЕНИТЬ, СДЕЛАТЬ ИНЫМ
ПЕРЕЛИЦЕВАТЬ	106631-V	ИЗМЕНИТЬ, СДЕЛАТЬ ИНЫМ
ПЕРЕПОСТИТЬ	111619-V	КОПИРОВАНИЕ, СНЯТИЕ КОПИИ
ПЕРЕПОСТИТЬ	114108-V	ПЕЧАТАТЬ (ВОСПРОИЗВОДИТЬ)
ПЕРЕПОСТИТЬ	112280-V	ПЛАТИТЬ (ОТДАВАТЬ ДЕНЬГИ)
ПЕРЕПОСТИТЬ	106877-V	ВЫСКАЗАТЬ МНЕНИЕ
ПЕРЕПОСТИТЬ	107668-V	СОЧИНИТЬ ПРОИЗВЕДЕНИЕ
ПЕРЕПОСТИТЬ	111022-V	БРОСИТЬ (ПЕРЕМЕСТИТЬ)
ПЕРЕПОСТИТЬ	114108-V	ПЕЧАТАТЬ (ВОСПРОИЗВОДИТЬ)
ПЕРЕПОСТИТЬ	144051-V	ИЗДАТЕЛЬСКАЯ ДЕЯТЕЛЬНОСТЬ
ПЕРЕПОСТИТЬ	107002-V	ИЗОБРАЗИТЬ (ВОСПРОИЗВЕСТИ)
ПЕРЕПОСТИТЬ	107008-V	ПОСЛАТЬ, ОТПРАВИТЬ ДЛЯ ДОСТАВКИ
ПЕРЕСПОРИТЬ	120095-V	УБЕДИТЬ, ЗАСТАВИТЬ ПОВЕРИТЬ
ПЕРЕСПОРИТЬ	106535-V	СКЛОНИТЬ, ПОБУДИТЬ
ПЕРЕСПОРИТЬ	111954-V	ВОССТАНОВИТЬ ПРЕЖНЕЕ СОСТОЯНИЕ
ПЕРЕСПОРИТЬ	112855-V	РАЗЛУЧИТЬ
ПЕРЕСПОРИТЬ	134408-V	РАЗОБЩИТЬ ДРУГ ОТ ДРУГА
ПЕРЕСПОРИТЬ	148983-V	ПОРТИТЬ ОТНОШЕНИЯ
ПЕРЕСПОРИТЬ	124260-V	РАЗБИТЬ НА ЧАСТИ
ПЕРЕСПОРИТЬ	106875-V	ДОКАЗАТЬ, ПРЕДСТАВИТЬ ДОКАЗАТЕЛЬСТВО
ПЕРЕСПОРИТЬ	118713-V	ОТРАЗИТЬ (ДАТЬ ОТПОР)
ПЕРЕСПОРИТЬ	107123-V	СОВЕТОВАТЬ
ПЕРЕУСТРАИВАТЬ	106496-V	УЧРЕДИТЬ, ОРГАНИЗОВАТЬ
ПЕРЕУСТРАИВАТЬ	106785-V	ПРЕОБРАЗОВАТЬ, ПЕРЕДЕЛАТЬ
ПЕРЕУСТРАИВАТЬ	7936-V	РЕФОРМА
ПЕРЕУСТРАИВАТЬ	106501-V	ЗАНЯТИЕ, ДЕЯТЕЛЬНОСТЬ
ПЕРЕУСТРАИВАТЬ	120969-V	ПЕРЕДЕЛАТЬ, СДЕЛАТЬ ЗАНОВО
ПЕРЕУСТРАИВАТЬ	106489-V	РЕГУЛИРОВАТЬ, УПОРЯДОЧИВАТЬ
ПЕРЕУСТРАИВАТЬ	111861-V	РАСКРОЙ ТКАНИ
ПЕРЕУСТРАИВАТЬ	106785-V	ПРЕОБРАЗОВАТЬ, ПЕРЕДЕЛАТЬ
ПЕРЕУСТРАИВАТЬ	106601-V	ОБОРУДОВАТЬ
ПЕРЕУСТРАИВАТЬ	106629-V	ИЗМЕНИТЬСЯ, ИЗМЕНЕНИЕ
ПИКАТЬ	106504-V	ПОСТУПОК ЧЕЛОВЕКА
ПИКАТЬ	107094-V	ПРОИЗНЕСТИ, ВЫГОВОРИТЬ, ПРОГОВОРИТЬ
ПИКАТЬ	107093-V	ИЗДАТЬ ЗВУК
ПИКАТЬ	107094-V	ПРОИЗНЕСТИ, ВЫГОВОРИТЬ, ПРОГОВОРИТЬ
ПИКАТЬ	118140-V	БОЛТАТЬ, ЧЕСАТЬ ЯЗЫКОМ
ПИКАТЬ	107404-V	УДАРИТЬ, НАНЕСТИ УДАР
ПИКАТЬ	110237-V	БОЛЬ, БОЛЕВОЕ ОЩУЩЕНИЕ
ПИКАТЬ	111668-V	ПРИСОЕДИНИТЬ
ПИКАТЬ	128178-V	ПОСТУКИВАТЬ (СЛЕГКА С ПЕРЕРЫВАМИ СТУЧАТЬ)
ПИКАТЬ	107093-V	ИЗДАТЬ ЗВУК
ПОДГОРАТЬ	110426-V	ЧЕРНЕТЬ, СТАНОВИТЬСЯ ЧЕРНЫМ
ПОДГОРАТЬ	113413-V	ГОРЕТЬ, СГОРАТЬ
ПОДГОРАТЬ	116440-V	ТРЕСНУТЬ, ДАТЬ ТРЕЩИНУ
ПОДГОРАТЬ	106915-V	ОЩУЩАТЬ, ВОСПРИНИМАТЬ
ПОДГОРАТЬ	111097-V	ИЗМЕНЕНИЕ АГРЕГАТНОГО СОСТОЯНИЯ
ПОДГОРАТЬ	111110-V	ИСПАРЕНИЕ ЖИДКОСТИ
ПОДГОРАТЬ	106629-V	ИЗМЕНИТЬСЯ, ИЗМЕНЕНИЕ
ПОДГОРАТЬ	106915-V	ОЩУЩАТЬ, ВОСПРИНИМАТЬ
ПОДГОРАТЬ	117122-V	ПЕРЕГРЕТЬСЯ (СЛИШКОМ НАГРЕТЬСЯ)
ПОДГОРАТЬ	133751-V	ПОДВЕРГНУТЬСЯ ВОЗДЕЙСТВИЮ
ПОДЛЕЗТЬ	107417-V	ОТДЕЛИТЬ ЧАСТЬ ОТ ЦЕЛОГО
ПОДЛЕЗТЬ	115727-V	КРУТИТЬ (ВЕРТЕТЬ КРУГООБРАЗНО)
ПОДЛЕЗТЬ	111668-V	ПРИСОЕДИНИТЬ
ПОДЛЕЗТЬ	120437-V	ОТКРЕПИТЬСЯ (ОТДЕЛИТЬСЯ)
ПОДЛЕЗТЬ	110910-V	ВЫНУТЬ
ПОДЛЕЗТЬ	137195-V	ОТКРУТИТЬ (КРУТЯ, ОТДЕЛИТЬ)
ПОДЛЕЗТЬ	115035-V	ПРИВЕРНУТЬ (ПРИКРЕПИТЬ)
ПОДЛЕЗТЬ	110790-V	ПРИКРЕПИТЬ, ПРИДЕЛАТЬ
ПОДЛЕЗТЬ	116393-V	ОТВЕРНУТЬ В СТОРОНУ
ПОДЛЕЗТЬ	107454-V	ПОДНЯТЬСЯ (ПЕРЕМЕСТИТЬСЯ ВВЕРХ)
ПОДНЫРНУТЬ	111329-V	ПОЯВИТЬСЯ, ПОКАЗАТЬСЯ
ПОДНЫРНУТЬ	111040-V	ПЕРЕВЕРНУТЬСЯ (ПОВЕРНУТЬСЯ)
ПОДНЫРНУТЬ	118473-V	МЕЛЬКАТЬ ПЕРЕД ГЛАЗАМИ
ПОДНЫРНУТЬ	134224-V	ПРОЙТИ МИМО
ПОДНЫРНУТЬ	107416-V	РВАТЬ, РАЗОРВАТЬ НА ЧАСТИ
ПОДНЫРНУТЬ	111853-V	ПРОДЕЛАТЬ ОТВЕРСТИЕ
ПОДНЫРНУТЬ	132760-V	ПОДВИНУТЬ, СДВИНУТЬ
ПОДНЫРНУТЬ	132762-V	ЗАСЛОНИТЬ (СДЕЛАТЬ НЕВИДИМЫМ)
ПОДНЫРНУТЬ	111594-V	ПРИБЛИЗИТЬ НА РАССТОЯНИЕ
ПОДНЫРНУТЬ	149601-V	ВДАВИТЬСЯ ВНУТРЬ
ПОДРАЗДЕЛЯТЬСЯ	107410-V	ДЕЛИТЬ, РАЗДЕЛЯТЬ НА ЧАСТИ
ПОДРАЗДЕЛЯТЬСЯ	111994-V	ДЕЛИТЬСЯ НА ЧАСТИ
ПОДРАЗДЕЛЯТЬСЯ	121249-V	ИЗМЕЛЬЧИТЬСЯ
ПОДРАЗДЕЛЯТЬСЯ	116921-V	ПЕРЕЖИТЬ, ИСПЫТАТЬ
ПОДРАЗДЕЛЯТЬСЯ	107129-V	СИСТЕМАТИЗИРОВАТЬ
ПОДРАЗДЕЛЯТЬСЯ	118456-V	ПОДРАЗДЕЛИТЬ
ПОДРАЗДЕЛЯТЬСЯ	106618-V	РАЗМЕСТИТЬСЯ
ПОДРАЗДЕЛЯТЬСЯ	111485-V	ОБЪЕДИНИТЬСЯ (СОЕДИНИТЬСЯ)
ПОДРАЗДЕЛЯТЬСЯ	117846-V	ВЫДЕЛИТЬСЯ, ОТЛИЧИТЬСЯ
ПОДРАЗДЕЛЯТЬСЯ	118966-V	РАЗЛИЧАТЬСЯ, РАЗЛИЧИЕ
ПОДСЕКАТЬ	115593-V	ХВАТАТЬ, СХВАТИТЬ
ПОДСЕКАТЬ	115072-V	ЗАХВАТИТЬ, ЗАВЛАДЕТЬ
ПОДСЕКАТЬ	114364-V	ЛОВЛЯ ДОБЫЧИ
ПОДСЕКАТЬ	106504-V	ПОСТУПОК ЧЕЛОВЕКА
ПОДСЕКАТЬ	125768-V	ТАЩИТЬ ТЯЖЕЛОЕ
ПОДСЕКАТЬ	117094-V	ШЕВЕЛИТЬ ЧАСТЬЮ ТЕЛА
ПОДСЕКАТЬ	110237-V	БОЛЬ, БОЛЕВОЕ ОЩУЩЕНИЕ
ПОДСЕКАТЬ	118109-V	НАДЕТЬ (УКРЕПИТЬ, ПРИКРЕПИТЬ ЧТО-Н НА ЧТО-Н.)
ПОДСЕКАТЬ	115594-V	БРАТЬ РУКОЙ, ЗУБАМИ, ОРУДИЕМ
ПОДСЕКАТЬ	106704-V	МЕШАТЬ, СОЗДАВАТЬ ПРЕПЯТСТВИЕ
ПОДУЧИТЬСЯ	130167-V	УСВОИТЬ ИНФОРМАЦИЮ
ПОДУЧИТЬСЯ	133979-V	ПОЗНАТЬ, ПРИОБРЕСТИ ЗНАНИЕ
ПОДУЧИТЬСЯ	111885-V	ЗАПОМНИТЬ, СОХРАНИТЬ В ПАМЯТИ
ПОДУЧИТЬСЯ	130167-V	УСВОИТЬ ИНФОРМАЦИЮ
ПОДУЧИТЬСЯ	112839-V	УЧИТЬСЯ, ОБУЧАТЬСЯ
ПОДУЧИТЬСЯ	106542-V	СООБЩИТЬ, УВЕДОМИТЬ
ПОДУЧИТЬСЯ	106485-V	ПЕРЕСТАТЬ, ПРЕКРАТИТЬ (ЧТО-ТО ДЕЛАТЬ)
ПОДУЧИТЬСЯ	112145-V	КОНЧИТЬ, ЗАВЕРШИТЬ ДО КОНЦА
ПОДУЧИТЬСЯ	106676-V	ОСВОИТЬСЯ, ПРИВЫКНУТЬ
ПОДУЧИТЬСЯ	118368-V	УПРАЖНЯТЬ, УПРАЖНЯТЬСЯ
ПОЛУЛЕЖАТЬ	115786-V	НАХОДИТЬСЯ, ПРЕБЫВАТЬ
ПОЛУЛЕЖАТЬ	115786-V	НАХОДИТЬСЯ, ПРЕБЫВАТЬ
ПОЛУЛЕЖАТЬ	117430-V	ХРАНИТЬСЯ, НАХОДИТЬСЯ  НА ХРАНЕНИИ
ПОЛУЛЕЖАТЬ	115786-V	НАХОДИТЬСЯ, ПРЕБЫВАТЬ
ПОЛУЛЕЖАТЬ	118238-V	ПОДОЙТИ (СООТВЕТСТВОВАТЬ)
ПОЛУЛЕЖАТЬ	115786-V	НАХОДИТЬСЯ, ПРЕБЫВАТЬ
ПОЛУЛЕЖАТЬ	106565-V	САМОЧУВСТВИЕ
ПОЛУЛЕЖАТЬ	128309-V	ПРИНЯТЬ ПОЛОЖЕНИЕ, ПОЗУ
ПОЛУЛЕЖАТЬ	115786-V	НАХОДИТЬСЯ, ПРЕБЫВАТЬ
ПОЛУЛЕЖАТЬ	115788-V	СИДЕТЬ, СИДЯЧЕЕ ПОЛОЖЕНИЕ
ПОХМЕЛИТЬСЯ	117709-V	ПИТЬ СПИРТНОЕ
ПОХМЕЛИТЬСЯ	119990-V	ПРОТРЕЗВИТЬСЯ
ПОХМЕЛИТЬСЯ	128299-V	ПРИЙТИ В ЧУВСТВО
ПОХМЕЛИТЬСЯ	118667-V	УДОВЛЕТВОРИТЬСЯ
ПОХМЕЛИТЬСЯ	141196-V	ДЕГРАДАЦИЯ ЛИЧНОСТИ
ПОХМЕЛИТЬСЯ	131385-V	ЗАХВАТИТЬ (ЗАБРАТЬ)
ПОХМЕЛИТЬСЯ	7786-V	ОПЬЯНЕНИЕ
ПОХМЕЛИТЬСЯ	106933-V	ГЛОТАТЬ ВНУТРЬ СЕБЯ
ПОХМЕЛИТЬСЯ	106934-V	ЕСТЬ, ПРИНИМАТЬ ПИЩУ
ПРИВОДНИТЬСЯ	133324-V	ПРИБЛИЗИТЬ (СДЕЛАТЬ БЛИЗКИМ В ОБЩЕНИИ)
ПРИВОДНИТЬСЯ	120257-V	СБЛИЗИТЬСЯ В ОБЩЕНИИ
ПРИВОДНИТЬСЯ	107453-V	ВЗЛЕТЕТЬ
ПРИВОДНИТЬСЯ	146627-V	УСТАНОВЛЕНИЕ ОТНОШЕНИЙ
ПРИВОДНИТЬСЯ	107446-V	МЧАТЬСЯ
ПРИВОДНИТЬСЯ	107454-V	ПОДНЯТЬСЯ (ПЕРЕМЕСТИТЬСЯ ВВЕРХ)
ПРИВОДНИТЬСЯ	106641-V	ВОЗРАСТИ, СТАТЬ БОЛЬШЕ, СИЛЬНЕЕ
ПРИВОДНИТЬСЯ	125843-V	СКАЧКООБРАЗНОЕ ИЗМЕНЕНИЕ
ПРИВОДНИТЬСЯ	107454-V	ПОДНЯТЬСЯ (ПЕРЕМЕСТИТЬСЯ ВВЕРХ)
ПРИВОДНИТЬСЯ	106587-V	ДВИЖЕНИЕ, ПЕРЕМЕЩЕНИЕ
ПРИГНУТЬ	111066-V	НАКЛОНИТЬСЯ, СКЛОНИТЬСЯ
ПРИГНУТЬ	115535-V	НАДАВИТЬ, НАЖАТЬ
ПРИГНУТЬ	112286-V	ПРИВЯЗАТЬ (ПРИКРЕПИТЬ)
ПРИГНУТЬ	108824-V	ОПУСТИТЬ ВНИЗ
ПРИГНУТЬ	111050-V	ГНУТЬ, ИЗОГНУТЬ
ПРИГНУТЬ	115840-V	ОТКЛОНИТЬ, СМЕСТИТЬ В СТОРОНУ
ПРИГНУТЬ	108824-V	ОПУСТИТЬ ВНИЗ
ПРИГНУТЬ	115187-V	ОБМОТАТЬ, ОБКРУТИТЬ
ПРИГНУТЬ	106587-V	ДВИЖЕНИЕ, ПЕРЕМЕЩЕНИЕ
ПРИГНУТЬ	111085-V	ОПУСТИТЬСЯ ВНИЗ
ПРИДУРИВАТЬСЯ	115256-V	ШУТИТЬ, ОТПУСКАТЬ ШУТКИ
ПРИДУРИВАТЬСЯ	119594-V	БАЛОВАТЬСЯ (ШАЛИТЬ, ЗАБАВЛЯТЬСЯ)
ПРИДУРИВАТЬСЯ	115900-V	ПРИТВОРИТЬСЯ, ПРИКИНУТЬСЯ
ПРИДУРИВАТЬСЯ	115256-V	ШУТИТЬ, ОТПУСКАТЬ ШУТКИ
ПРИДУРИВАТЬСЯ	126523-V	КРИВЛЯТЬСЯ, ЛОМАТЬСЯ
ПРИДУРИВАТЬСЯ	107140-V	ЛЬСТИТЬ, ХВАЛИТЬ ИЗ ЛЕСТИ
ПРИДУРИВАТЬСЯ	106876-V	ВЫСКАЗАТЬ
ПРИДУРИВАТЬСЯ	111260-V	ПЛОХОЙ ПОСТУПОК
ПРИДУРИВАТЬСЯ	113119-V	ОБМАНУТЬ, ВВЕСТИ В ЗАБЛУЖДЕНИЕ
ПРИДУРИВАТЬСЯ	107094-V	ПРОИЗНЕСТИ, ВЫГОВОРИТЬ, ПРОГОВОРИТЬ
ПРИКОРНУТЬ	106565-V	САМОЧУВСТВИЕ
ПРИКОРНУТЬ	114462-V	СОН, СОСТОЯНИЕ СНА
ПРИКОРНУТЬ	115313-V	ЗАСНУТЬ, ПОГРУЗИТЬСЯ В СОН
ПРИКОРНУТЬ	115314-V	ДОХНУТЬ (УМИРАТЬ)
ПРИКОРНУТЬ	1489-V	ОТДЫХ
ПРИКОРНУТЬ	128309-V	ПРИНЯТЬ ПОЛОЖЕНИЕ, ПОЗУ
ПРИКОРНУТЬ	151659-V	ОПУСТИТЬСЯ В ГОРИЗОНТАЛЬНОЕ ПОЛОЖЕНИЕ
ПРИКОРНУТЬ	106721-V	УДЛИНИТЬ, УВЕЛИЧИТЬ ПРОДОЛЖИТЕЛЬНОСТЬ
ПРИКОРНУТЬ	114560-V	СЕСТЬ, ПРИНЯТЬ СИДЯЧЕЕ ПОЛОЖЕНИЕ
ПРИКОРНУТЬ	127193-V	ОПУСТЕТЬ, СТАТЬ ПУСТЫМ
ПРИМОСТИТЬСЯ	143523-V	ПОСТУПЛЕНИЕ НА РАБОТУ
ПРИМОСТИТЬСЯ	106618-V	РАЗМЕСТИТЬСЯ
ПРИМОСТИТЬСЯ	114560-V	СЕСТЬ, ПРИНЯТЬ СИДЯЧЕЕ ПОЛОЖЕНИЕ
ПРИМОСТИТЬСЯ	114560-V	СЕСТЬ, ПРИНЯТЬ СИДЯЧЕЕ ПОЛОЖЕНИЕ
ПРИМОСТИТЬСЯ	128336-V	ПРИСТРОИТЬСЯ (ПОМЕСТИТЬСЯ, РАСПОЛОЖИТЬСЯ, ОКОЛО ЧЕГО-Н.)
ПРИМОСТИТЬСЯ	128309-V	ПРИНЯТЬ ПОЛОЖЕНИЕ, ПОЗУ
ПРИМОСТИТЬСЯ	107454-V	ПОДНЯТЬСЯ (ПЕРЕМЕСТИТЬСЯ ВВЕРХ)
ПРИМОСТИТЬСЯ	116585-V	ВПРЫГНУТЬ
ПРИМОСТИТЬСЯ	118473-V	МЕЛЬКАТЬ ПЕРЕД ГЛАЗАМИ
ПРИМОСТИТЬСЯ	134224-V	ПРОЙТИ МИМО
ПРИПЛЮСНУТЬ	115535-V	НАДАВИТЬ, НАЖАТЬ
ПРИПЛЮСНУТЬ	118691-V	РАЗВЕРНУТЬ (РАСКРЫТЬ)
ПРИПЛЮСНУТЬ	106631-V	ИЗМЕНИТЬ, СДЕЛАТЬ ИНЫМ
ПРИПЛЮСНУТЬ	109109-V	ПРИГОТОВЛЕНИЕ ПИЩИ
ПРИПЛЮСНУТЬ	111101-V	НАГРЕТЬСЯ
ПРИПЛЮСНУТЬ	116393-V	ОТВЕРНУТЬ В СТОРОНУ
ПРИПЛЮСНУТЬ	106558-V	ПРИДАВАТЬ ФОРМУ, ФОРМИРОВАТЬ
ПРИПЛЮСНУТЬ	111892-V	ПРОКЛАДЫВАНИЕ СЛОЯ
ПРИПЛЮСНУТЬ	107417-V	ОТДЕЛИТЬ ЧАСТЬ ОТ ЦЕЛОГО
ПРИПЛЮСНУТЬ	107325-V	ПОКРЫТЬ ПОВЕРХНОСТЬ
ПРИСЛОНИТЬ	116824-V	ОПЕРЕТЬСЯ (ВОСПОЛЬЗОВАТЬСЯ ОПОРОЙ)
ПРИСЛОНИТЬ	111594-V	ПРИБЛИЗИТЬ НА РАССТОЯНИЕ
ПРИСЛОНИТЬ	115535-V	НАДАВИТЬ, НАЖАТЬ
ПРИСЛОНИТЬ	115035-V	ПРИВЕРНУТЬ (ПРИКРЕПИТЬ)
ПРИСЛОНИТЬ	111668-V	ПРИСОЕДИНИТЬ
ПРИСЛОНИТЬ	112696-V	СТАВИТЬ НА ОПРЕДЕЛЕННОЕ МЕСТО
ПРИСЛОНИТЬ	116883-V	ПОДСТАВИТЬ (ПРИБЛИЗИТЬ)
ПРИСЛОНИТЬ	117842-V	ПРИСЛОНИТЬСЯ
ПРИСЛОНИТЬ	111594-V	ПРИБЛИЗИТЬ НА РАССТОЯНИЕ
ПРИСЛОНИТЬ	115675-V	ПРИНЕСТИ (ДОСТАВИТЬ)
ПРИХОРАШИВАТЬСЯ	117078-V	НАРЯДИТЬ, ОДЕТЬ КРАСИВО
ПРИХОРАШИВАТЬСЯ	120282-V	ОДЕТЬСЯ
ПРИХОРАШИВАТЬСЯ	107013-V	ГРЯЗНИТЬ, ПАЧКАТЬ
ПРИХОРАШИВАТЬСЯ	106648-V	ОБЩЕНИЕ, СВЯЗЬ
ПРИХОРАШИВАТЬСЯ	107458-V	КРАСИТЬ, ПОКРЫВАТЬ КРАСКОЙ
ПРИХОРАШИВАТЬСЯ	118191-V	РАЗРОВНЯТЬ
ПРИХОРАШИВАТЬСЯ	117923-V	РАССМОТРЕТЬ (ОСМОТРЕТЬ)
ПРИХОРАШИВАТЬСЯ	107140-V	ЛЬСТИТЬ, ХВАЛИТЬ ИЗ ЛЕСТИ
ПРИХОРАШИВАТЬСЯ	108856-V	ОДЕТЬ, ПОКРЫТЬ ОДЕЖДОЙ, ПОКРЫВАЛОМ
ПРИХОРАШИВАТЬСЯ	106630-V	УЛУЧШЕНИЕ
ПРИШПИЛИТЬ	111668-V	ПРИСОЕДИНИТЬ
ПРИШПИЛИТЬ	110790-V	ПРИКРЕПИТЬ, ПРИДЕЛАТЬ
ПРИШПИЛИТЬ	110797-V	ПРИКОЛОТЬ (ПРИКРЕПИТЬ)
ПРИШПИЛИТЬ	116853-V	ЗАЦЕПИТЬ (СОЕДИНИТЬ)
ПРИШПИЛИТЬ	117505-V	ПРИВЕСИТЬ
ПРИШПИЛИТЬ	110790-V	ПРИКРЕПИТЬ, ПРИДЕЛАТЬ
ПРИШПИЛИТЬ	116418-V	ЗАВЯЗАТЬ (ЗАКРЕПИТЬ)
ПРИШПИЛИТЬ	115035-V	ПРИВЕРНУТЬ (ПРИКРЕПИТЬ)
ПРИШПИЛИТЬ	112286-V	ПРИВЯЗАТЬ (ПРИКРЕПИТЬ)
ПРИШПИЛИТЬ	110790-V	ПРИКРЕПИТЬ, ПРИДЕЛАТЬ
ПРОДЛЯТЬ	106640-V	УВЕЛИЧИТЬ
ПРОДЛЯТЬ	1117-V	ПОДПИСАНИЕ ДОГОВОРА
ПРОДЛЯТЬ	112977-V	ВОЗОБНОВИТЬ (НАЧАТЬ СНОВА)
ПРОДЛЯТЬ	144975-V	ЗАКЛЮЧЕНИЕ ДОГОВОРА
ПРОДЛЯТЬ	107441-V	НАЧАТЬ, ПРИСТУПИТЬ, ПРИНЯТЬСЯ
ПРОДЛЯТЬ	107599-V	ПРОДОЛЖАТЬ
ПРОДЛЯТЬ	114690-V	РАЗРЫВ ОТНОШЕНИЙ
ПРОДЛЯТЬ	106501-V	ЗАНЯТИЕ, ДЕЯТЕЛЬНОСТЬ
ПРОДЛЯТЬ	107175-V	РАЗРЕШИТЬ, ПОЗВОЛИТЬ
ПРОДЛЯТЬ	137871-V	ОФОРМЛЕНИЕ ДОКУМЕНТОВ
ПРОМУЛЬГИРОВАТЬ	106494-V	ВЫПОЛНИТЬ, ИСПОЛНИТЬ, ОСУЩЕСТВИТЬ
ПРОМУЛЬГИРОВАТЬ	145128-V	ПЕРЕСМОТР СУДЕБНЫХ РЕШЕНИЙ
ПРОМУЛЬГИРОВАТЬ	107458-V	КРАСИТЬ, ПОКРЫВАТЬ КРАСКОЙ
ПРОМУЛЬГИРОВАТЬ	111682-V	ПЕРЕМЕШАТЬ
ПРОМУЛЬГИРОВАТЬ	112820-V	МЯТЬ, РАЗМЯТЬ
ПРОМУЛЬГИРОВАТЬ	106557-V	СОЕДИНИТЬ В ОДНО ЦЕЛОЕ
ПРОМУЛЬГИРОВАТЬ	106632-V	УЛУЧШИТЬ
ПРОМУЛЬГИРОВАТЬ	110908-V	УДАЛИТЬ НАРУЖУ
ПРОМУЛЬГИРОВАТЬ	128431-V	ОБЕЗВРЕДИТЬ
ПРОМУЛЬГИРОВАТЬ	111435-V	НАСЫТИТЬ (НАПОЛНИТЬ В БОЛЬШОМ КОЛИЧЕСТВЕ)
ПРОТОКОЛИРОВАТЬ	106869-V	ОБОСНОВАТЬ
ПРОТОКОЛИРОВАТЬ	111944-V	НАЗНАЧИТЬ, УСТАНОВИТЬ, ОПРЕДЕЛИТЬ
ПРОТОКОЛИРОВАТЬ	106710-V	ОПРЕДЕЛИТЬ, ВЫЯСНИТЬ
ПРОТОКОЛИРОВАТЬ	106686-V	ИССЛЕДОВАНИЕ, ИЗУЧЕНИЕ
ПРОТОКОЛИРОВАТЬ	118282-V	НАЙТИ, ОТЫСКАТЬ
ПРОТОКОЛИРОВАТЬ	106990-V	УЧЕТ (РЕГИСТРАЦИЯ С ЗАНЕСЕНИЕМ В СПИСКИ)
ПРОТОКОЛИРОВАТЬ	111592-V	РАСПРЕДЕЛИТЬ ПО ДОЛЯМ
ПРОТОКОЛИРОВАТЬ	124842-V	ЗАПИСАТЬ, ВНЕСТИ В СПИСОК
ПРОТОКОЛИРОВАТЬ	120812-V	ОБРАТИТЬ ВНИМАНИЕ
ПРОТОКОЛИРОВАТЬ	107003-V	ПИСАТЬ, ИЗОБРАЖАТЬ ГРАФИЧЕСКИЕ ЗНАКИ
ПРОТОРИТЬ	118835-V	ПРЕГРАДИТЬ (ВОСПРЕПЯТСТВОВАТЬ, ПОМЕШАТЬ)
ПРОТОРИТЬ	119562-V	ПРЕГРАДИТЬ, МЕШАТЬ ДВИЖЕНИЮ
ПРОТОРИТЬ	106501-V	ЗАНЯТИЕ, ДЕЯТЕЛЬНОСТЬ
ПРОТОРИТЬ	107325-V	ПОКРЫТЬ ПОВЕРХНОСТЬ
ПРОТОРИТЬ	118835-V	ПРЕГРАДИТЬ (ВОСПРЕПЯТСТВОВАТЬ, ПОМЕШАТЬ)
ПРОТОРИТЬ	106819-V	СОКРАТИТЬ, УМЕНЬШИТЬ В КОЛИЧЕСТВЕ
ПРОТОРИТЬ	129756-V	ПРОКЛАДКА ЛИНИИ, КОММУНИКАЦИЙ
ПРОТОРИТЬ	106704-V	МЕШАТЬ, СОЗДАВАТЬ ПРЕПЯТСТВИЕ
ПРОТОРИТЬ	111791-V	КОПАТЬ ЯМУ
ПРОТОРИТЬ	111853-V	ПРОДЕЛАТЬ ОТВЕРСТИЕ
ПУДРИТЬ	113119-V	ОБМАНУТЬ, ВВЕСТИ В ЗАБЛУЖДЕНИЕ
ПУДРИТЬ	115912-V	ПЕРЕУБЕДИТЬ
ПУДРИТЬ	123744-V	ПРОПАГАНДА ИДЕЙ, ЗНАНИЙ
ПУДРИТЬ	129710-V	ИЗМЕНИТЬ СОСТОЯНИЕ
ПУДРИТЬ	113119-V	ОБМАНУТЬ, ВВЕСТИ В ЗАБЛУЖДЕНИЕ
ПУДРИТЬ	115256-V	ШУТИТЬ, ОТПУСКАТЬ ШУТКИ
ПУДРИТЬ	119594-V	БАЛОВАТЬСЯ (ШАЛИТЬ, ЗАБАВЛЯТЬСЯ)
ПУДРИТЬ	107094-V	ПРОИЗНЕСТИ, ВЫГОВОРИТЬ, ПРОГОВОРИТЬ
ПУДРИТЬ	107011-V	ЧИСТИТЬ, УДАЛЯТЬ ГРЯЗЬ
ПУДРИТЬ	114441-V	ОЧИСТИТЬ ОТ ПРИСУТСТВИЯ
РАЗВАРИТЬ	109109-V	ПРИГОТОВЛЕНИЕ ПИЩИ
РАЗВАРИТЬ	106495-V	ИЗГОТОВИТЬ, ВЫРАБОТАТЬ
РАЗВАРИТЬ	137819-V	ТЕРМИЧЕСКАЯ ОБРАБОТКА
РАЗВАРИТЬ	110790-V	ПРИКРЕПИТЬ, ПРИДЕЛАТЬ
РАЗВАРИТЬ	116132-V	НАСТОЯТЬСЯ, ОБРАЗОВАТЬ НАСТОЙ
РАЗВАРИТЬ	114637-V	МОЧИТЬ, НАМОЧИТЬ
РАЗВАРИТЬ	111413-V	ЗАЛИТЬ ЖИДКИМ
РАЗВАРИТЬ	109115-V	ЖАРКА ПИЩИ
РАЗВАРИТЬ	111110-V	ИСПАРЕНИЕ ЖИДКОСТИ
РАЗВАРИТЬ	154304-V	ВЫДЕРЖАТЬ (ОБРАБОТАТЬ)
РАЗГИБАТЬСЯ	116160-V	ВЫРОВНЯТЬСЯ (СТАТЬ РОВНЫМ)
РАЗГИБАТЬСЯ	106587-V	ДВИЖЕНИЕ, ПЕРЕМЕЩЕНИЕ
РАЗГИБАТЬСЯ	117740-V	ВЫПРЯМИТЬСЯ
РАЗГИБАТЬСЯ	117741-V	РАСПРАВИТЬСЯ (ВЫПРЯМИТЬСЯ)
РАЗГИБАТЬСЯ	128593-V	СЛАБЕТЬ (СТАТЬ НЕ ТУГИМ)
РАЗГИБАТЬСЯ	106618-V	РАЗМЕСТИТЬСЯ
РАЗГИБАТЬСЯ	111086-V	ГНУТЬСЯ, СОГНУТЬСЯ
РАЗГИБАТЬСЯ	143230-V	ДЕФОРМАЦИЯ
РАЗГИБАТЬСЯ	114426-V	СОПРОТИВЛЯТЬСЯ
РАЗГИБАТЬСЯ	119293-V	УПОРСТВОВАТЬ
РАЗГОВЕТЬСЯ	106933-V	ГЛОТАТЬ ВНУТРЬ СЕБЯ
РАЗГОВЕТЬСЯ	106934-V	ЕСТЬ, ПРИНИМАТЬ ПИЩУ
РАЗГОВЕТЬСЯ	117709-V	ПИТЬ СПИРТНОЕ
РАЗГОВЕТЬСЯ	124124-V	ВОЗДЕРЖАТЬСЯ ОТ ДЕЙСТВИЙ
РАЗГОВЕТЬСЯ	106934-V	ЕСТЬ, ПРИНИМАТЬ ПИЩУ
РАЗГОВЕТЬСЯ	106501-V	ЗАНЯТИЕ, ДЕЯТЕЛЬНОСТЬ
РАЗГОВЕТЬСЯ	134070-V	ОТМЕТИТЬ ПАМЯТНУЮ ДАТУ
РАЗГОВЕТЬСЯ	119043-V	ПРЕДЛОЖИТЬ (ПРЕДОСТАВИТЬ)
РАЗГОВЕТЬСЯ	106934-V	ЕСТЬ, ПРИНИМАТЬ ПИЩУ
РАЗГОВЕТЬСЯ	106501-V	ЗАНЯТИЕ, ДЕЯТЕЛЬНОСТЬ
РАЗЕВАТЬ	115824-V	ВДОХНУТЬ, СДЕЛАТЬ ВДОХ
РАЗЕВАТЬ	126522-V	ГРИМАСНИЧАТЬ, ДЕЛАТЬ ГРИМАСЫ
РАЗЕВАТЬ	115867-V	СОВАТЬ (ПОМЕЩАТЬ С ТРУДОМ ИЛИ НЕЗАМЕТНО)
РАЗЕВАТЬ	107093-V	ИЗДАТЬ ЗВУК
РАЗЕВАТЬ	125801-V	ВЫДВИНУТЬ ВПЕРЕД, НАРУЖУ
РАЗЕВАТЬ	111572-V	ЗАКРЫТЬ ОТВЕРСТИЕ, ПРОХОД
РАЗЕВАТЬ	111572-V	ЗАКРЫТЬ ОТВЕРСТИЕ, ПРОХОД
РАЗЕВАТЬ	114572-V	ЗАКРЫТЬ ДВЕРЬ, ОКНО
РАЗЕВАТЬ	117094-V	ШЕВЕЛИТЬ ЧАСТЬЮ ТЕЛА
РАЗЕВАТЬ	106698-V	ПОМЕСТИТЬ, НАЙТИ МЕСТО
РАЗМЕЧТАТЬСЯ	107489-V	РЕШИТЬ, ПРИНЯТЬ РЕШЕНИЕ
РАЗМЕЧТАТЬСЯ	119928-V	ХОТЕТЬ, ИМЕТЬ ЖЕЛАНИЕ
РАЗМЕЧТАТЬСЯ	107094-V	ПРОИЗНЕСТИ, ВЫГОВОРИТЬ, ПРОГОВОРИТЬ
РАЗМЕЧТАТЬСЯ	113841-V	ВОРЧАТЬ (БОРМОТАТЬ)
РАЗМЕЧТАТЬСЯ	106467-V	МЫСЛИТЕЛЬНЫЙ ПРОЦЕСС
РАЗМЕЧТАТЬСЯ	114936-V	ПЕРЕРЕШИТЬ
РАЗМЕЧТАТЬСЯ	119665-V	ПРЕДСТАВИТЬСЯ (ЯВИТЬСЯ В МЫСЛИ, В ВООБРАЖЕНИИ)
РАЗМЕЧТАТЬСЯ	115825-V	ДЫХАНИЕ, ДЫХАТЕЛЬНЫЙ ПРОЦЕСС
РАЗМЕЧТАТЬСЯ	107447-V	ПАДАТЬ (ДВИГАТЬСЯ ВНИЗ)
РАЗМЕЧТАТЬСЯ	116921-V	ПЕРЕЖИТЬ, ИСПЫТАТЬ
РАЗМОРИТЬ	111104-V	ОХЛАДИТЬ, УМЕНЬШИТЬ ТЕМПЕРАТУРУ
РАЗМОРИТЬ	124330-V	ОТКАЗ ТЕХНИКИ
РАЗМОРИТЬ	115102-V	МУЧИТЬ
РАЗМОРИТЬ	124267-V	УКУСИТЬ, ПОКУСАТЬ
РАЗМОРИТЬ	111050-V	ГНУТЬ, ИЗОГНУТЬ
РАЗМОРИТЬ	116661-V	ВДАВИТЬ ВНУТРЬ
РАЗМОРИТЬ	119084-V	ИСКРИВИТЬСЯ, ПЕРЕКОСИТЬСЯ
РАЗМОРИТЬ	106494-V	ВЫПОЛНИТЬ, ИСПОЛНИТЬ, ОСУЩЕСТВИТЬ
РАЗМОРИТЬ	145128-V	ПЕРЕСМОТР СУДЕБНЫХ РЕШЕНИЙ
РАЗМОРИТЬ	111979-V	ПОРТИТЬСЯ (УХУДШАТЬСЯ)
РАЗОНРАВИТЬСЯ	114934-V	РАЗДРАЖИТЬ, ВЫЗВАТЬ РАЗДРАЖЕНИЕ
РАЗОНРАВИТЬСЯ	137783-V	БЕСПОКОИТЬ, ПРИЧИНЯТЬ БЕСПОКОЙСТВО
РАЗОНРАВИТЬСЯ	116102-V	НАДОЕСТЬ
РАЗОНРАВИТЬСЯ	116684-V	НРАВИТЬСЯ
РАЗОНРАВИТЬСЯ	116102-V	НАДОЕСТЬ
РАЗОНРАВИТЬСЯ	106629-V	ИЗМЕНИТЬСЯ, ИЗМЕНЕНИЕ
РАЗОНРАВИТЬСЯ	123735-V	БЛЕКНУТЬ (ТЕРЯТЬ СВЕЖЕСТЬ, ЯРКОСТЬ)
РАЗОНРАВИТЬСЯ	106633-V	УХУДШЕНИЕ
РАЗОНРАВИТЬСЯ	118046-V	НАРУШИТЬСЯ
РАЗОНРАВИТЬСЯ	119665-V	ПРЕДСТАВИТЬСЯ (ЯВИТЬСЯ В МЫСЛИ, В ВООБРАЖЕНИИ)
РАЗУТЬ	108856-V	ОДЕТЬ, ПОКРЫТЬ ОДЕЖДОЙ, ПОКРЫВАЛОМ
РАЗУТЬ	108855-V	ОДЕТЬ, СНАБДИТЬ ОДЕЖДОЙ
РАЗУТЬ	112144-V	ОБЕСПЕЧИТЬ, СНАБДИТЬ
РАЗУТЬ	114793-V	ПРИКОСНУТЬСЯ, СЛЕГКА ДОТРОНУТЬСЯ
РАЗУТЬ	107011-V	ЧИСТИТЬ, УДАЛЯТЬ ГРЯЗЬ
РАЗУТЬ	114441-V	ОЧИСТИТЬ ОТ ПРИСУТСТВИЯ
РАЗУТЬ	107010-V	МЫТЬ ОТ ГРЯЗИ
РАЗУТЬ	111572-V	ЗАКРЫТЬ ОТВЕРСТИЕ, ПРОХОД
РАЗУТЬ	106903-V	СМОТРЕТЬ, НАПРАВЛЯТЬ ВЗГЛЯД
РАЗУТЬ	106903-V	СМОТРЕТЬ, НАПРАВЛЯТЬ ВЗГЛЯД
РАСКОВАТЬ	106495-V	ИЗГОТОВИТЬ, ВЫРАБОТАТЬ
РАСКОВАТЬ	111844-V	КОВКА
РАСКОВАТЬ	131354-V	ЗАМОРОЗИТЬ, ДАТЬ ЗАМЕРЗНУТЬ
РАСКОВАТЬ	108948-V	НАГРЕТЬ, ПОВЫСИТЬ ТЕМПЕРАТУРУ
РАСКОВАТЬ	106483-V	УНИЧТОЖИТЬ, ПРЕКРАТИТЬ СУЩЕСТВОВАНИЕ
РАСКОВАТЬ	106548-V	ПРИЧИНЕНИЕ ВРЕДА
РАСКОВАТЬ	118370-V	УЧИТЬ, ОБУЧАТЬ
РАСКОВАТЬ	128638-V	РАСПУСТИТЬ (РАЗВЕРНУТЬ, ОСЛАБИТЬ)
РАСКОВАТЬ	5390-V	ХИРУРГИЧЕСКАЯ ОПЕРАЦИЯ
РАСКОВАТЬ	114599-V	УТОМИТЬ
РАСПАРИТЬ	114637-V	МОЧИТЬ, НАМОЧИТЬ
РАСПАРИТЬ	154304-V	ВЫДЕРЖАТЬ (ОБРАБОТАТЬ)
РАСПАРИТЬ	106534-V	ОБРАБАТЫВАТЬ, ПОДВЕРГАТЬ ОБРАБОТКЕ
РАСПАРИТЬ	115797-V	ПРОГРЕТЬ (ОСНОВАТЕЛЬНО НАГРЕТЬ)
РАСПАРИТЬ	111479-V	СУШИТЬ (УДАЛЯТЬ ВЛАГУ)
РАСПАРИТЬ	118009-V	ОБМЫТЬ, ПОМЫТЬ СО ВСЕХ СТОРОН
РАСПАРИТЬ	106631-V	ИЗМЕНИТЬ, СДЕЛАТЬ ИНЫМ
РАСПАРИТЬ	119450-V	РАЗМЯГЧИТЬ, СДЕЛАТЬ МЯГКИМ
РАСПАРИТЬ	9476-V	МАССАЖ
РАСПАРИТЬ	106631-V	ИЗМЕНИТЬ, СДЕЛАТЬ ИНЫМ
РАСПЕРЕЖИВАТЬСЯ	106793-V	ИСПУГ
РАСПЕРЕЖИВАТЬСЯ	118531-V	ЦЕПЕНЕТЬ, СТОЛБЕНЕТЬ
РАСПЕРЕЖИВАТЬСЯ	119084-V	ИСКРИВИТЬСЯ, ПЕРЕКОСИТЬСЯ
РАСПЕРЕЖИВАТЬСЯ	106504-V	ПОСТУПОК ЧЕЛОВЕКА
РАСПЕРЕЖИВАТЬСЯ	125890-V	ГЛУПИТЬ, ПОСТУПИТЬ ГЛУПО
РАСПЕРЕЖИВАТЬСЯ	111369-V	ПОРТИТЬ, ДЕЛАТЬ ПЛОХИМ
РАСПЕРЕЖИВАТЬСЯ	111979-V	ПОРТИТЬСЯ (УХУДШАТЬСЯ)
РАСПЕРЕЖИВАТЬСЯ	115915-V	СОЗРЕВАНИЕ ПЛОДОВ
РАСПЕРЕЖИВАТЬСЯ	118854-V	ВИТЬСЯ (РАСТИ ЗАВИТКАМИ)
РАСПЕРЕЖИВАТЬСЯ	106697-V	УБЕДИТЬСЯ
РАСПЛАСТАТЬСЯ	107447-V	ПАДАТЬ (ДВИГАТЬСЯ ВНИЗ)
РАСПЛАСТАТЬСЯ	114723-V	ОСЕСТЬ СЛОЕМ
РАСПЛАСТАТЬСЯ	119625-V	СЛАБЕТЬ, ТЕРЯТЬ СИЛУ
РАСПЛАСТАТЬСЯ	120045-V	ПОВРЕДИТЬСЯ, ПРИЙТИ В НЕИСПРАВНОСТЬ
РАСПЛАСТАТЬСЯ	115786-V	НАХОДИТЬСЯ, ПРЕБЫВАТЬ
РАСПЛАСТАТЬСЯ	117842-V	ПРИСЛОНИТЬСЯ
РАСПЛАСТАТЬСЯ	111040-V	ПЕРЕВЕРНУТЬСЯ (ПОВЕРНУТЬСЯ)
РАСПЛАСТАТЬСЯ	115786-V	НАХОДИТЬСЯ, ПРЕБЫВАТЬ
РАСПЛАСТАТЬСЯ	117155-V	ПЕРЕВАЛИТЬСЯ (ПЕРЕВЕРНУТЬСЯ)
РАСПЛАСТАТЬСЯ	147116-V	ПЕРЕВОРОТ ЧЕРЕЗ ГОЛОВУ
РАСТОЧИТЬ	111857-V	ПРОЕСТЬ ДЫРУ
РАСТОЧИТЬ	111931-V	ВЫРОВНЯТЬ, СДЕЛАТЬ РОВНЫМ
РАСТОЧИТЬ	112080-V	СРЕЗАТЬ С КРАЕВ
РАСТОЧИТЬ	144428-V	ТОКАРНЫЕ РАБОТЫ
РАСТОЧИТЬ	146751-V	ОБРАБОТКА ПОВЕРХНОСТИ
РАСТОЧИТЬ	114872-V	ЗАОСТРИТЬ (СДЕЛАТЬ ОСТРЫМ)
РАСТОЧИТЬ	137195-V	ОТКРУТИТЬ (КРУТЯ, ОТДЕЛИТЬ)
РАСТОЧИТЬ	106495-V	ИЗГОТОВИТЬ, ВЫРАБОТАТЬ
РАСТОЧИТЬ	106534-V	ОБРАБАТЫВАТЬ, ПОДВЕРГАТЬ ОБРАБОТКЕ
РАСТОЧИТЬ	115278-V	ОБТОЧИТЬ
РАСЧЕХЛИТЬ	106595-V	ОБЕРЕГАТЬ, ЗАЩИЩАТЬ
РАСЧЕХЛИТЬ	108830-V	НАКРЫТЬ, ПОКРЫТЬ СВЕРХУ
РАСЧЕХЛИТЬ	108856-V	ОДЕТЬ, ПОКРЫТЬ ОДЕЖДОЙ, ПОКРЫВАЛОМ
РАСЧЕХЛИТЬ	108830-V	НАКРЫТЬ, ПОКРЫТЬ СВЕРХУ
РАСЧЕХЛИТЬ	132761-V	НАДВИНУТЬ (ПОДВИНУТЬ, ЗАКРЫВАЯ. ЗАСЛОНЯЯ)
РАСЧЕХЛИТЬ	111022-V	БРОСИТЬ (ПЕРЕМЕСТИТЬ)
РАСЧЕХЛИТЬ	137195-V	ОТКРУТИТЬ (КРУТЯ, ОТДЕЛИТЬ)
РАСЧЕХЛИТЬ	4131-V	ХИЩЕНИЕ
РАСЧЕХЛИТЬ	108870-V	УДАЛИТЬ, ОТДАЛИТЬ НА РАССТОЯНИЕ
РАСЧЕХЛИТЬ	115672-V	ДОСТАВИТЬ К МЕСТУ НАЗНАЧЕНИЯ
РЕКВИЗИРОВАТЬ	106817-V	ПРИНУДИТЬ, ЗАСТАВИТЬ
РЕКВИЗИРОВАТЬ	5418-V	ОТЧУЖДЕНИЕ ИМУЩЕСТВА
РЕКВИЗИРОВАТЬ	106817-V	ПРИНУДИТЬ, ЗАСТАВИТЬ
РЕКВИЗИРОВАТЬ	112933-V	ОТВЕТИТЬ, ПОСТУПИТЬ В ОТВЕТ
РЕКВИЗИРОВАТЬ	138080-V	ИЗЪЯТЬ (ОТОБРАТЬ)
РЕКВИЗИРОВАТЬ	5418-V	ОТЧУЖДЕНИЕ ИМУЩЕСТВА
РЕКВИЗИРОВАТЬ	152490-V	ЛИШЕНИЕ ИМУЩЕСТВА
РЕКВИЗИРОВАТЬ	114372-V	ОТНЯТЬ, ЛИШИТЬ
РЕКВИЗИРОВАТЬ	120319-V	ЗАБРАТЬ (ВЗЯТЬ, ЗАХВАТИТЬ)
РЕКВИЗИРОВАТЬ	128431-V	ОБЕЗВРЕДИТЬ
РУСЕТЬ	110821-V	ОТКОЛОТЬ КУСОК
РУСЕТЬ	106633-V	УХУДШЕНИЕ
РУСЕТЬ	110416-V	ИЗМЕНЯТЬСЯ В ЦВЕТЕ
РУСЕТЬ	106565-V	САМОЧУВСТВИЕ
РУСЕТЬ	106665-V	НАРУШИТЬ СОСТОЯНИЕ, ХОД
РУСЕТЬ	3406-V	ПОВРЕЖДЕНИЕ ЗДОРОВЬЯ
РУСЕТЬ	120955-V	ИЗМЕНЕНИЕ СОСТОЯНИЯ
РУСЕТЬ	107325-V	ПОКРЫТЬ ПОВЕРХНОСТЬ
РУСЕТЬ	106629-V	ИЗМЕНИТЬСЯ, ИЗМЕНЕНИЕ
РУСЕТЬ	106534-V	ОБРАБАТЫВАТЬ, ПОДВЕРГАТЬ ОБРАБОТКЕ
РЯВКНУТЬ	107094-V	ПРОИЗНЕСТИ, ВЫГОВОРИТЬ, ПРОГОВОРИТЬ
РЯВКНУТЬ	107105-V	КРИЧАТЬ, ГОВОРИТЬ ГРОМКО
РЯВКНУТЬ	107121-V	ВЫГОВАРИВАТЬ, ДЕЛАТЬ ВЫГОВОР
РЯВКНУТЬ	107093-V	ИЗДАТЬ ЗВУК
РЯВКНУТЬ	107105-V	КРИЧАТЬ, ГОВОРИТЬ ГРОМКО
РЯВКНУТЬ	107093-V	ИЗДАТЬ ЗВУК
РЯВКНУТЬ	116530-V	РЫЧАНИЕ ЖИВОТНОГО
РЯВКНУТЬ	107104-V	КРИЧАТЬ, ИЗДАВАТЬ КРИК
РЯВКНУТЬ	107105-V	КРИЧАТЬ, ГОВОРИТЬ ГРОМКО
РЯВКНУТЬ	108868-V	БОРМОТАТЬ
СГРУДИТЬСЯ	106793-V	ИСПУГ
СГРУДИТЬСЯ	118531-V	ЦЕПЕНЕТЬ, СТОЛБЕНЕТЬ
СГРУДИТЬСЯ	115285-V	ОХВАТИТЬ, ОВЛАДЕТЬ
СГРУДИТЬСЯ	111994-V	ДЕЛИТЬСЯ НА ЧАСТИ
СГРУДИТЬСЯ	114560-V	СЕСТЬ, ПРИНЯТЬ СИДЯЧЕЕ ПОЛОЖЕНИЕ
СГРУДИТЬСЯ	116269-V	ЛЕЧЬ, ПРИНЯТЬ ЛЕЖАЧЕЕ ПОЛОЖЕНИЕ
СГРУДИТЬСЯ	111050-V	ГНУТЬ, ИЗОГНУТЬ
СГРУДИТЬСЯ	116661-V	ВДАВИТЬ ВНУТРЬ
СГРУДИТЬСЯ	124167-V	ТЕХНОГЕННОЕ ЗАГРЯЗНЕНИЕ
СГРУДИТЬСЯ	150231-V	ВЫБРОСИТЬ ИЗ СЕБЯ
СЕРЕБРИТЬ	107325-V	ПОКРЫТЬ ПОВЕРХНОСТЬ
СЕРЕБРИТЬ	111769-V	ПРИДАВАТЬ ВИД
СЕРЕБРИТЬ	111785-V	НАТЕРЕТЬ, НАВЕСТИ ЛОСК
СЕРЕБРИТЬ	146751-V	ОБРАБОТКА ПОВЕРХНОСТИ
СЕРЕБРИТЬ	111857-V	ПРОЕСТЬ ДЫРУ
СЕРЕБРИТЬ	112139-V	ОЧИСТКА ОТ ПРИМЕСЕЙ
СЕРЕБРИТЬ	106472-V	ПОМОЩЬ, ПОДДЕРЖКА
СЕРЕБРИТЬ	106495-V	ИЗГОТОВИТЬ, ВЫРАБОТАТЬ
СЕРЕБРИТЬ	106529-V	ОБСЛУЖИТЬ (УДОВЛЕТВОРИТЬ НУЖДЫ)
СЕРЕБРИТЬ	111881-V	НАНЕСЕНИЕ НА ПОВЕРХНОСТЬ
СКАЛИТЬСЯ	107093-V	ИЗДАТЬ ЗВУК
СКАЛИТЬСЯ	112039-V	УЛЫБКА
СКАЛИТЬСЯ	116284-V	ВЫСМЕЯТЬ, ОСМЕЯТЬ
СКАЛИТЬСЯ	107140-V	ЛЬСТИТЬ, ХВАЛИТЬ ИЗ ЛЕСТИ
СКАЛИТЬСЯ	107252-V	ВЫТЬ
СКАЛИТЬСЯ	107366-V	ВИЗЖАТЬ
СКАЛИТЬСЯ	107093-V	ИЗДАТЬ ЗВУК
СКАЛИТЬСЯ	116530-V	РЫЧАНИЕ ЖИВОТНОГО
СКАЛИТЬСЯ	107093-V	ИЗДАТЬ ЗВУК
СКАЛИТЬСЯ	113841-V	ВОРЧАТЬ (БОРМОТАТЬ)
СКОВЫРНУТЬ	111845-V	ПРОНИКНУТЬ ВНУТРЬ
СКОВЫРНУТЬ	127403-V	ОТСКРЕСТИ, СОСКРЕСТИ
СКОВЫРНУТЬ	138391-V	ОЧИСТИТЬ ВЕРХНИЙ СЛОЙ
СКОВЫРНУТЬ	115072-V	ЗАХВАТИТЬ, ЗАВЛАДЕТЬ
СКОВЫРНУТЬ	134709-V	САМОВОЛЬНОЕ ДЕЙСТВИЕ
СКОВЫРНУТЬ	647-V	ПРАВОНАРУШЕНИЕ
СКОВЫРНУТЬ	108870-V	УДАЛИТЬ, ОТДАЛИТЬ НА РАССТОЯНИЕ
СКОВЫРНУТЬ	112750-V	СКРЕСТИ, ТЕРЕТЬ ЖЕСТКИМ
СКОВЫРНУТЬ	118363-V	ВОГНУТЬ ВНУТРЬ
СКОВЫРНУТЬ	115889-V	УЯЗВИТЬ
СКУЧИТЬ	111104-V	ОХЛАДИТЬ, УМЕНЬШИТЬ ТЕМПЕРАТУРУ
СКУЧИТЬ	111979-V	ПОРТИТЬСЯ (УХУДШАТЬСЯ)
СКУЧИТЬ	115915-V	СОЗРЕВАНИЕ ПЛОДОВ
СКУЧИТЬ	116102-V	НАДОЕСТЬ
СКУЧИТЬ	106504-V	ПОСТУПОК ЧЕЛОВЕКА
СКУЧИТЬ	125890-V	ГЛУПИТЬ, ПОСТУПИТЬ ГЛУПО
СКУЧИТЬ	119084-V	ИСКРИВИТЬСЯ, ПЕРЕКОСИТЬСЯ
СКУЧИТЬ	121500-V	АКТИВИЗИРОВАТЬСЯ
СКУЧИТЬ	124330-V	ОТКАЗ ТЕХНИКИ
СКУЧИТЬ	107094-V	ПРОИЗНЕСТИ, ВЫГОВОРИТЬ, ПРОГОВОРИТЬ
СМОЛИТЬ	115824-V	ВДОХНУТЬ, СДЕЛАТЬ ВДОХ
СМОЛИТЬ	106715-V	ИСТРАТИТЬ, ИЗРАСХОДОВАТЬ
СМОЛИТЬ	111436-V	ПРОПИТАТЬ (НАСЫТИТЬ)
СМОЛИТЬ	111875-V	ОБДАТЬ СО ВСЕХ СТОРОН
СМОЛИТЬ	106504-V	ПОСТУПОК ЧЕЛОВЕКА
СМОЛИТЬ	112080-V	СРЕЗАТЬ С КРАЕВ
СМОЛИТЬ	111022-V	БРОСИТЬ (ПЕРЕМЕСТИТЬ)
СМОЛИТЬ	121507-V	ХРЯСТНУТЬ (СИЛЬНО УДАРИТЬ)
СМОЛИТЬ	108948-V	НАГРЕТЬ, ПОВЫСИТЬ ТЕМПЕРАТУРУ
СМОЛИТЬ	117449-V	ОБОГРЕТЬ (СОГРЕТЬ)
СНЕЖИТЬ	111435-V	НАСЫТИТЬ (НАПОЛНИТЬ В БОЛЬШОМ КОЛИЧЕСТВЕ)
СНЕЖИТЬ	124516-V	СЛОЖИТЬ (ПЕРЕГНУТЬ)
СНЕЖИТЬ	107325-V	ПОКРЫТЬ ПОВЕРХНОСТЬ
СНЕЖИТЬ	111050-V	ГНУТЬ, ИЗОГНУТЬ
СНЕЖИТЬ	116661-V	ВДАВИТЬ ВНУТРЬ
СНЕЖИТЬ	106565-V	САМОЧУВСТВИЕ
СНЕЖИТЬ	106665-V	НАРУШИТЬ СОСТОЯНИЕ, ХОД
СНЕЖИТЬ	3406-V	ПОВРЕЖДЕНИЕ ЗДОРОВЬЯ
СНЕЖИТЬ	107325-V	ПОКРЫТЬ ПОВЕРХНОСТЬ
СНЕЖИТЬ	107458-V	КРАСИТЬ, ПОКРЫВАТЬ КРАСКОЙ
СПЕЧЬСЯ	107707-V	СКРЕПИТЬ (ПРОЧНО СОЕДИНИТЬ)
СПЕЧЬСЯ	115162-V	РАСКРЫТЬСЯ, ОТКРЫТЬСЯ
СПЕЧЬСЯ	106629-V	ИЗМЕНИТЬСЯ, ИЗМЕНЕНИЕ
СПЕЧЬСЯ	118992-V	ХУДЕТЬ, ПОХУДЕТЬ
СПЕЧЬСЯ	109109-V	ПРИГОТОВЛЕНИЕ ПИЩИ
СПЕЧЬСЯ	111101-V	НАГРЕТЬСЯ
СПЕЧЬСЯ	111109-V	ТВЕРДЕТЬ, ЗАТВЕРДЕТЬ
СПЕЧЬСЯ	118459-V	РАЗВЕРНУТЬСЯ (РАСКРЫТЬСЯ)
СПЕЧЬСЯ	111097-V	ИЗМЕНЕНИЕ АГРЕГАТНОГО СОСТОЯНИЯ
СПЕЧЬСЯ	112155-V	ИСЧЕЗНУТЬ (ПЕРЕСТАТЬ СУЩЕСТВОВАТЬ)
СПЛЮЩИТЬ	111192-V	ДАВИТЬ, ЖАТЬ
СПЛЮЩИТЬ	106558-V	ПРИДАВАТЬ ФОРМУ, ФОРМИРОВАТЬ
СПЛЮЩИТЬ	115535-V	НАДАВИТЬ, НАЖАТЬ
СПЛЮЩИТЬ	111050-V	ГНУТЬ, ИЗОГНУТЬ
СПЛЮЩИТЬ	116367-V	ДЕФОРМИРОВАТЬ
СПЛЮЩИТЬ	108824-V	ОПУСТИТЬ ВНИЗ
СПЛЮЩИТЬ	111050-V	ГНУТЬ, ИЗОГНУТЬ
СПЛЮЩИТЬ	115840-V	ОТКЛОНИТЬ, СМЕСТИТЬ В СТОРОНУ
СПЛЮЩИТЬ	111050-V	ГНУТЬ, ИЗОГНУТЬ
СПЛЮЩИТЬ	111192-V	ДАВИТЬ, ЖАТЬ
СТЕСАТЬ	127403-V	ОТСКРЕСТИ, СОСКРЕСТИ
СТЕСАТЬ	138391-V	ОЧИСТИТЬ ВЕРХНИЙ СЛОЙ
СТЕСАТЬ	111857-V	ПРОЕСТЬ ДЫРУ
СТЕСАТЬ	111050-V	ГНУТЬ, ИЗОГНУТЬ
СТЕСАТЬ	116367-V	ДЕФОРМИРОВАТЬ
СТЕСАТЬ	107417-V	ОТДЕЛИТЬ ЧАСТЬ ОТ ЦЕЛОГО
СТЕСАТЬ	107410-V	ДЕЛИТЬ, РАЗДЕЛЯТЬ НА ЧАСТИ
СТЕСАТЬ	107414-V	ПИЛИТЬ, РЕЗАТЬ ПИЛОЙ
СТЕСАТЬ	112080-V	СРЕЗАТЬ С КРАЕВ
СТЕСАТЬ	144428-V	ТОКАРНЫЕ РАБОТЫ
СФОРМОВАТЬ	106495-V	ИЗГОТОВИТЬ, ВЫРАБОТАТЬ
СФОРМОВАТЬ	118691-V	РАЗВЕРНУТЬ (РАСКРЫТЬ)
СФОРМОВАТЬ	107707-V	СКРЕПИТЬ (ПРОЧНО СОЕДИНИТЬ)
СФОРМОВАТЬ	111664-V	СЛЕПИТЬ (СОЕДИНИТЬ ЛИПКОЕ)
СФОРМОВАТЬ	109109-V	ПРИГОТОВЛЕНИЕ ПИЩИ
СФОРМОВАТЬ	113082-V	ЗАПЕКАНИЕ БЛЮДА
СФОРМОВАТЬ	106557-V	СОЕДИНИТЬ В ОДНО ЦЕЛОЕ
СФОРМОВАТЬ	127466-V	СБИТЬ В ПЛОТНУЮ МАССУ
СФОРМОВАТЬ	106534-V	ОБРАБАТЫВАТЬ, ПОДВЕРГАТЬ ОБРАБОТКЕ
СФОРМОВАТЬ	111192-V	ДАВИТЬ, ЖАТЬ
СЮСЮКАТЬ	117883-V	ЛАСКАТЬ (ПРОЯВЛЯТЬ ЛАСКУ)
СЮСЮКАТЬ	107140-V	ЛЬСТИТЬ, ХВАЛИТЬ ИЗ ЛЕСТИ
СЮСЮКАТЬ	106648-V	ОБЩЕНИЕ, СВЯЗЬ
СЮСЮКАТЬ	115208-V	ОСКОРБИТЬ
СЮСЮКАТЬ	118621-V	ЗАБОТИТЬСЯ, ОКРУЖИТЬ ЗАБОТОЙ
СЮСЮКАТЬ	118683-V	МЕДЛИТЬ
СЮСЮКАТЬ	107093-V	ИЗДАТЬ ЗВУК
СЮСЮКАТЬ	118621-V	ЗАБОТИТЬСЯ, ОКРУЖИТЬ ЗАБОТОЙ
СЮСЮКАТЬ	1592-V	ВОСПИТАНИЕ
СЮСЮКАТЬ	107191-V	БРАНИТЬ, РУГАТЬ БРАННЫМИ СЛОВАМИ
ТОЛОЧЬ	111775-V	ИЗМЕЛЬЧИТЬ, РАЗМЕЛЬЧИТЬ
ТОЛОЧЬ	113030-V	ПЕРЕРАБОТАТЬ, ОСУЩЕСТВИТЬ ПЕРЕРАБОТКУ
ТОЛОЧЬ	107410-V	ДЕЛИТЬ, РАЗДЕЛЯТЬ НА ЧАСТИ
ТОЛОЧЬ	111657-V	СЫПАТЬ (ЗАСТАВЛЯТЬ ПАДАТЬ)
ТОЛОЧЬ	118516-V	СОРИТЬ, МУСОРИТЬ
ТОЛОЧЬ	107410-V	ДЕЛИТЬ, РАЗДЕЛЯТЬ НА ЧАСТИ
ТОЛОЧЬ	106557-V	СОЕДИНИТЬ В ОДНО ЦЕЛОЕ
ТОЛОЧЬ	109705-V	СМЕШИВАТЬ (СОЕДИНЯТЬ)
ТОЛОЧЬ	112819-V	МЕШАТЬ, ПОМЕШИВАТЬ
ТОЛОЧЬ	110719-V	ЛИТЬ ЖИДКОСТЬ
ТЩИТЬСЯ	116929-V	СТРАДАТЬ, ИСПЫТЫВАТЬ СТРАДАНИЯ
ТЩИТЬСЯ	106476-V	СТРЕМЛЕНИЕ, ЖЕЛАНИЕ
ТЩИТЬСЯ	142877-V	КАЗАТЬСЯ (ПРЕДСТАВЛЯТЬСЯ)
ТЩИТЬСЯ	107447-V	ПАДАТЬ (ДВИГАТЬСЯ ВНИЗ)
ТЩИТЬСЯ	116921-V	ПЕРЕЖИТЬ, ИСПЫТАТЬ
ТЩИТЬСЯ	114426-V	СОПРОТИВЛЯТЬСЯ
ТЩИТЬСЯ	119293-V	УПОРСТВОВАТЬ
ТЩИТЬСЯ	111845-V	ПРОНИКНУТЬ ВНУТРЬ
ТЩИТЬСЯ	116440-V	ТРЕСНУТЬ, ДАТЬ ТРЕЩИНУ
ТЩИТЬСЯ	116775-V	ПРОДЫРЯВИТЬСЯ (СТАТЬ ДЫРЯВЫМ)
УВОЛОЧЬ	116858-V	УВЕЗТИ С СОБОЙ
УВОЛОЧЬ	121020-V	УВЕСТИ С СОБОЙ
УВОЛОЧЬ	110913-V	УНЕСТИ (ВЗЯТЬ С СОБОЙ)
УВОЛОЧЬ	116858-V	УВЕЗТИ С СОБОЙ
УВОЛОЧЬ	124272-V	МЧАТЬ, НЕСТИ
УВОЛОЧЬ	115672-V	ДОСТАВИТЬ К МЕСТУ НАЗНАЧЕНИЯ
УВОЛОЧЬ	106817-V	ПРИНУДИТЬ, ЗАСТАВИТЬ
УВОЛОЧЬ	115694-V	ВЕСТИ (СОПРОВОЖДАТЬ)
УВОЛОЧЬ	116244-V	УБЕДИТЬ, УГОВОРИТЬ
УВОЛОЧЬ	110915-V	ВОЛОЧИТЬ, ТАЩИТЬ ВОЛОКОМ
УЛЮЛЮКАТЬ	107093-V	ИЗДАТЬ ЗВУК
УЛЮЛЮКАТЬ	106878-V	ОДОБРИТЬ
УЛЮЛЮКАТЬ	115039-V	ХЛОПАТЬ В ЛАДОШИ
УЛЮЛЮКАТЬ	107104-V	КРИЧАТЬ, ИЗДАВАТЬ КРИК
УЛЮЛЮКАТЬ	107097-V	СВИСТЕТЬ (ИЗДАВАТЬ ЗВУК)
УЛЮЛЮКАТЬ	112963-V	ОСУДИТЬ, ВЫРАЗИТЬ НЕОДОБРЕНИЕ
УЛЮЛЮКАТЬ	107093-V	ИЗДАТЬ ЗВУК
УЛЮЛЮКАТЬ	107470-V	ИДТИ НОГАМИ
УЛЮЛЮКАТЬ	120970-V	ПЕРЕСТУПИТЬ С НОГИ НА НОГУ
УЛЮЛЮКАТЬ	107094-V	ПРОИЗНЕСТИ, ВЫГОВОРИТЬ, ПРОГОВОРИТЬ
УМЯТЬ	106933-V	ГЛОТАТЬ ВНУТРЬ СЕБЯ
УМЯТЬ	106934-V	ЕСТЬ, ПРИНИМАТЬ ПИЩУ
УМЯТЬ	106933-V	ГЛОТАТЬ ВНУТРЬ СЕБЯ
УМЯТЬ	117340-V	ЖЕВАТЬ
УМЯТЬ	118667-V	УДОВЛЕТВОРИТЬСЯ
УМЯТЬ	106934-V	ЕСТЬ, ПРИНИМАТЬ ПИЩУ
УМЯТЬ	106631-V	ИЗМЕНИТЬ, СДЕЛАТЬ ИНЫМ
УМЯТЬ	107410-V	ДЕЛИТЬ, РАЗДЕЛЯТЬ НА ЧАСТИ
УМЯТЬ	111369-V	ПОРТИТЬ, ДЕЛАТЬ ПЛОХИМ
УМЯТЬ	111951-V	РАЗРУШИТЬ (НАРУШИТЬ, УНИЧТОЖИТЬ)
УСЛАЖДАТЬ	114653-V	ДОСТАВИТЬ УДОВОЛЬСТВИЕ
УСЛАЖДАТЬ	117696-V	УСПОКОИТЬ, ПРИВЕСТИ В СПОКОЙСТВИЕ
УСЛАЖДАТЬ	117105-V	УВЛЕЧЬ (ЗАИНТЕРЕСОВАТЬ)
УСЛАЖДАТЬ	117233-V	ОЧАРОВАТЬ
УСЛАЖДАТЬ	123937-V	ПОКОРИТЬ СЕРДЦА
УСЛАЖДАТЬ	110751-V	НАПОЛНИТЬ
УСЛАЖДАТЬ	106640-V	УВЕЛИЧИТЬ
УСЛАЖДАТЬ	106528-V	УДОВЛЕТВОРИТЬ ТРЕБОВАНИЯ, ЖЕЛАНИЯ
УСЛАЖДАТЬ	111862-V	КОРМИТЬ, ДАВАТЬ ЕДУ
УСЛАЖДАТЬ	117768-V	ПОТВОРСТВОВАТЬ
УТОНЧИТЬ	106637-V	УМЕНЬШИТЬСЯ
УТОНЧИТЬ	106640-V	УВЕЛИЧИТЬ
УТОНЧИТЬ	118173-V	ВЫТЯНУТЬСЯ В ДЛИНУ
УТОНЧИТЬ	106719-V	УДЛИНИТЬ, УВЕЛИЧИТЬ В ДЛИНУ
УТОНЧИТЬ	111983-V	ДОБАВИТЬ
УТОНЧИТЬ	106631-V	ИЗМЕНИТЬ, СДЕЛАТЬ ИНЫМ
УТОНЧИТЬ	106640-V	УВЕЛИЧИТЬ
УТОНЧИТЬ	106631-V	ИЗМЕНИТЬ, СДЕЛАТЬ ИНЫМ
УТОНЧИТЬ	106637-V	УМЕНЬШИТЬСЯ
УТОНЧИТЬ	111983-V	ДОБАВИТЬ
ФЛУОРЕСЦИРОВАТЬ	111611-V	ВЛИЯТЬ, ВОЗДЕЙСТВОВАТЬ
ФЛУОРЕСЦИРОВАТЬ	106477-V	ПОЯВИТЬСЯ, ВОЗНИКНУТЬ, НАЧАТЬСЯ
ФЛУОРЕСЦИРОВАТЬ	114631-V	ОБЛУЧЕНИЕ
ФЛУОРЕСЦИРОВАТЬ	121336-V	ЧЛЕНИТЬСЯ
ФЛУОРЕСЦИРОВАТЬ	5944-V	СОЦИАЛЬНАЯ ДИФФЕРЕНЦИАЦИЯ НАСЕЛЕНИЯ
ФЛУОРЕСЦИРОВАТЬ	106950-V	ПРЕВРАТИТЬ (ПРИДАТЬ ИНОЙ ВИД, КАЧЕСТВО)
ФЛУОРЕСЦИРОВАТЬ	152470-V	ВЫДЕЛЕНИЕ ВЕЩЕСТВА, ЭНЕРГИИ
ФЛУОРЕСЦИРОВАТЬ	129769-V	ВЫДЕЛИТЬ ИЗ СОСТАВА
ФЛУОРЕСЦИРОВАТЬ	144632-V	ВОБРАТЬСЯ (ВТЯНУТЬСЯ ВНУТРЬ)
ФЛУОРЕСЦИРОВАТЬ	107643-V	ОСВЕТИТЬ (СНАБДИТЬ СВЕТОМ)
ХЛОРИРОВАТЬ	106950-V	ПРЕВРАТИТЬ (ПРИДАТЬ ИНОЙ ВИД, КАЧЕСТВО)
ХЛОРИРОВАТЬ	993-V	ОЧИСТКА ВОДЫ
ХЛОРИРОВАТЬ	108948-V	НАГРЕТЬ, ПОВЫСИТЬ ТЕМПЕРАТУРУ
ХЛОРИРОВАТЬ	117449-V	ОБОГРЕТЬ (СОГРЕТЬ)
ХЛОРИРОВАТЬ	106477-V	ПОЯВИТЬСЯ, ВОЗНИКНУТЬ, НАЧАТЬСЯ
ХЛОРИРОВАТЬ	106950-V	ПРЕВРАТИТЬ (ПРИДАТЬ ИНОЙ ВИД, КАЧЕСТВО)
ХЛОРИРОВАТЬ	146751-V	ОБРАБОТКА ПОВЕРХНОСТИ
ХЛОРИРОВАТЬ	112275-V	ПРОВЕТРИВАНИЕ ПОМЕЩЕНИЯ
ХЛОРИРОВАТЬ	112139-V	ОЧИСТКА ОТ ПРИМЕСЕЙ
ХЛОРИРОВАТЬ	106550-V	НЕСЧАСТЬЕ
ХРИСТОСОВАТЬСЯ	106501-V	ЗАНЯТИЕ, ДЕЯТЕЛЬНОСТЬ
ХРИСТОСОВАТЬСЯ	110453-V	ПЕТЬ (ИСПОЛНЯТЬ)
ХРИСТОСОВАТЬСЯ	125423-V	КРЕСТИТЬ, ОСЕНИТЬ КРЕСТОМ
ХРИСТОСОВАТЬСЯ	106501-V	ЗАНЯТИЕ, ДЕЯТЕЛЬНОСТЬ
ХРИСТОСОВАТЬСЯ	115509-V	ЦЕЛОВАТЬ
ХРИСТОСОВАТЬСЯ	117078-V	НАРЯДИТЬ, ОДЕТЬ КРАСИВО
ХРИСТОСОВАТЬСЯ	120282-V	ОДЕТЬСЯ
ХРИСТОСОВАТЬСЯ	106501-V	ЗАНЯТИЕ, ДЕЯТЕЛЬНОСТЬ
ХРИСТОСОВАТЬСЯ	114793-V	ПРИКОСНУТЬСЯ, СЛЕГКА ДОТРОНУТЬСЯ
ХРИСТОСОВАТЬСЯ	106501-V	ЗАНЯТИЕ, ДЕЯТЕЛЬНОСТЬ
ЦИВИЛИЗОВАТЬ	115072-V	ЗАХВАТИТЬ, ЗАВЛАДЕТЬ
ЦИВИЛИЗОВАТЬ	129365-V	ПРИБЛИЗИТЬСЯ, УПОДОБИТЬСЯ
ЦИВИЛИЗОВАТЬ	106501-V	ЗАНЯТИЕ, ДЕЯТЕЛЬНОСТЬ
ЦИВИЛИЗОВАТЬ	7237-V	УПРАВЛЕНЧЕСКАЯ ДЕЯТЕЛЬНОСТЬ
ЦИВИЛИЗОВАТЬ	7936-V	РЕФОРМА
ЦИВИЛИЗОВАТЬ	106817-V	ПРИНУДИТЬ, ЗАСТАВИТЬ
ЦИВИЛИЗОВАТЬ	119127-V	РАСПРОСТРАНИТЬ (СДЕЛАТЬ ДОСТУПНЫМ, ИЗВЕСТНЫМ)
ЦИВИЛИЗОВАТЬ	125640-V	ВНЕДРИТЬ (ВВЕСТИ, УКРЕПИТЬ В ЧЕМ-Н.)
ЦИВИЛИЗОВАТЬ	111369-V	ПОРТИТЬ, ДЕЛАТЬ ПЛОХИМ
ЦИВИЛИЗОВАТЬ	130806-V	РАЗЛОЖИТЬ (ДЕЗОРГАНИЗОВАТЬ, ДЕМОРАЛИЗОВАТЬ)
ЧАВКАТЬ	107093-V	ИЗДАТЬ ЗВУК
ЧАВКАТЬ	107093-V	ИЗДАТЬ ЗВУК
ЧАВКАТЬ	117381-V	РАСКАШЛЯТЬСЯ
ЧАВКАТЬ	107094-V	ПРОИЗНЕСТИ, ВЫГОВОРИТЬ, ПРОГОВОРИТЬ
ЧАВКАТЬ	118140-V	БОЛТАТЬ, ЧЕСАТЬ ЯЗЫКОМ
ЧАВКАТЬ	106934-V	ЕСТЬ, ПРИНИМАТЬ ПИЩУ
ЧАВКАТЬ	111775-V	ИЗМЕЛЬЧИТЬ, РАЗМЕЛЬЧИТЬ
ЧАВКАТЬ	107094-V	ПРОИЗНЕСТИ, ВЫГОВОРИТЬ, ПРОГОВОРИТЬ
ЧАВКАТЬ	113841-V	ВОРЧАТЬ (БОРМОТАТЬ)
ЧАВКАТЬ	106933-V	ГЛОТАТЬ ВНУТРЬ СЕБЯ
ЧЕРТЫХАТЬСЯ	107094-V	ПРОИЗНЕСТИ, ВЫГОВОРИТЬ, ПРОГОВОРИТЬ
ЧЕРТЫХАТЬСЯ	113841-V	ВОРЧАТЬ (БОРМОТАТЬ)
ЧЕРТЫХАТЬСЯ	112039-V	УЛЫБКА
ЧЕРТЫХАТЬСЯ	116284-V	ВЫСМЕЯТЬ, ОСМЕЯТЬ
ЧЕРТЫХАТЬСЯ	108868-V	БОРМОТАТЬ
ЧЕРТЫХАТЬСЯ	107094-V	ПРОИЗНЕСТИ, ВЫГОВОРИТЬ, ПРОГОВОРИТЬ
ЧЕРТЫХАТЬСЯ	107190-V	РУГАТЬ
ЧЕРТЫХАТЬСЯ	107093-V	ИЗДАТЬ ЗВУК
ЧЕРТЫХАТЬСЯ	114426-V	СОПРОТИВЛЯТЬСЯ
ЧЕРТЫХАТЬСЯ	119293-V	УПОРСТВОВАТЬ
ЧОКАТЬСЯ	106781-V	РАЗГОВОР, БЕСЕДА
ЧОКАТЬСЯ	107115-V	ШЕПТАТЬ
ЧОКАТЬСЯ	115256-V	ШУТИТЬ, ОТПУСКАТЬ ШУТКИ
ЧОКАТЬСЯ	118140-V	БОЛТАТЬ, ЧЕСАТЬ ЯЗЫКОМ
ЧОКАТЬСЯ	117709-V	ПИТЬ СПИРТНОЕ
ЧОКАТЬСЯ	107093-V	ИЗДАТЬ ЗВУК
ЧОКАТЬСЯ	117948-V	УДАРИТЬ (РАЗДАТЬСЯ О РЕЗКОМ ЗВУКЕ)
ЧОКАТЬСЯ	117709-V	ПИТЬ СПИРТНОЕ
ЧОКАТЬСЯ	119171-V	ОБНЯТЬ, ЗАКЛЮЧИТЬ В ОБЪЯТИЯ
ЧОКАТЬСЯ	131385-V	ЗАХВАТИТЬ (ЗАБРАТЬ)
ШТОПАТЬ	111576-V	ЗАШИТЬ ДЫРУ
ШТОПАТЬ	116799-V	НАШИТЬ СВЕРХУ
ШТОПАТЬ	107410-V	ДЕЛИТЬ, РАЗДЕЛЯТЬ НА ЧАСТИ
ШТОПАТЬ	107417-V	ОТДЕЛИТЬ ЧАСТЬ ОТ ЦЕЛОГО
ШТОПАТЬ	106557-V	СОЕДИНИТЬ В ОДНО ЦЕЛОЕ
ШТОПАТЬ	113291-V	СШИВАТЬ
ШТОПАТЬ	106557-V	СОЕДИНИТЬ В ОДНО ЦЕЛОЕ
ШТОПАТЬ	111568-V	ЗАДЕЛАТЬ ОТВЕРСТИЕ
ШТОПАТЬ	106495-V	ИЗГОТОВИТЬ, ВЫРАБОТАТЬ
ШТОПАТЬ	107412-V	РЕЗАТЬ, ПОРЕЗАТЬ
